ID,objects,rate
1,BlueSpin_GPCC_TRISOUP_r02_d200,1
1,BlueSpin_GPCC_TRISOUP_r03_d200,3
1,ReadyForWinter_GPCC_OCTREE_r03_d200,2
1,BlueSpin_VPCC_r01_d200,1
1,FlowerDance_VPCC_r03_d200,2
1,FlowerDance_VPCC_raw_d200,4
1,ReadyForWinter_VPCC_r03_d200,3
1,ReadyForWinter_GPCC_OCTREE_r04_d200,2
1,BlueSpin_VPCC_r05_d200,3
1,FlowerDance_GPCC_OCTREE_r04_d200,1
1,ReadyForWinter_VPCC_r05_d200,3
1,FlowerDance_VPCC_r01_d200,1
1,ReadyForWinter_GPCC_TRISOUP_r04_d200,2
1,ReadyForWinter_GPCC_TRISOUP_r03_d200,2
1,FlowerDance_VPCC_r05_d200,3
1,FlowerDance_GPCC_OCTREE_r03_d200,1
1,FlowerDance_GPCC_TRISOUP_r03_d200,3
1,CasualSquat_GPCC_TRISOUP_r04_d200,3
1,BlueSpin_GPCC_TRISOUP_r01_d200,1
1,BlueSpin_GPCC_TRISOUP_r04_d200,3
1,CasualSquat_GPCC_TRISOUP_r03_d200,4
1,FlowerDance_GPCC_TRISOUP_r01_d200,1
1,BlueSpin_GPCC_OCTREE_r04_d200,1
1,BlueSpin_VPCC_r03_d200,2
1,BlueSpin_VPCC_r02_d200,2
1,CasualSquat_VPCC_r05_d200,3
1,BlueSpin_VPCC_r04_d200,3
1,ReadyForWinter_GPCC_OCTREE_r05_d200,3
1,CasualSquat_GPCC_TRISOUP_r02_d200,2
1,ReadyForWinter_GPCC_TRISOUP_r01_d200,1
1,CasualSquat_GPCC_OCTREE_r04_d200,2
1,ReadyForWinter_VPCC_raw_d200,4
1,BlueSpin_VPCC_raw_d200,4
1,CasualSquat_VPCC_r03_d200,2
1,ReadyForWinter_VPCC_r01_d200,1
1,FlowerDance_VPCC_r02_d200,1
1,BlueSpin_GPCC_OCTREE_r05_d200,3
1,CasualSquat_VPCC_r01_d200,1
1,CasualSquat_VPCC_r04_d200,2
1,CasualSquat_GPCC_OCTREE_r03_d200,1
1,FlowerDance_GPCC_OCTREE_r05_d200,2
1,CasualSquat_GPCC_TRISOUP_r01_d200,1
1,CasualSquat_GPCC_OCTREE_r05_d200,3
1,ReadyForWinter_VPCC_r02_d200,2
1,FlowerDance_GPCC_TRISOUP_r04_d200,3
1,ReadyForWinter_GPCC_TRISOUP_r02_d200,1
1,BlueSpin_GPCC_OCTREE_r03_d200,1
1,CasualSquat_VPCC_raw_d200,4
1,FlowerDance_GPCC_TRISOUP_r02_d200,2
1,ReadyForWinter_VPCC_r04_d200,3
1,CasualSquat_VPCC_r02_d200,2
1,FlowerDance_VPCC_r04_d200,3
2,CasualSquat_VPCC_r03_d200,3
2,ReadyForWinter_VPCC_r01_d200,2
2,ReadyForWinter_GPCC_TRISOUP_r04_d200,4
2,CasualSquat_VPCC_r02_d200,3
2,CasualSquat_VPCC_raw_d200,5
2,CasualSquat_VPCC_r05_d200,4
2,BlueSpin_GPCC_OCTREE_r05_d200,4
2,FlowerDance_VPCC_raw_d200,5
2,FlowerDance_GPCC_TRISOUP_r01_d200,2
2,FlowerDance_GPCC_OCTREE_r04_d200,2
2,BlueSpin_VPCC_r04_d200,4
2,ReadyForWinter_VPCC_r04_d200,4
2,ReadyForWinter_GPCC_TRISOUP_r02_d200,3
2,FlowerDance_GPCC_OCTREE_r03_d200,1
2,CasualSquat_GPCC_TRISOUP_r02_d200,3
2,BlueSpin_GPCC_TRISOUP_r03_d200,3
2,ReadyForWinter_GPCC_TRISOUP_r01_d200,2
2,ReadyForWinter_GPCC_OCTREE_r05_d200,2
2,FlowerDance_GPCC_TRISOUP_r04_d200,5
2,BlueSpin_VPCC_r02_d200,3
2,CasualSquat_VPCC_r01_d200,2
2,FlowerDance_GPCC_OCTREE_r05_d200,4
2,ReadyForWinter_VPCC_r02_d200,3
2,BlueSpin_GPCC_TRISOUP_r02_d200,3
2,CasualSquat_GPCC_TRISOUP_r01_d200,2
2,BlueSpin_VPCC_r01_d200,2
2,CasualSquat_GPCC_OCTREE_r05_d200,5
2,CasualSquat_VPCC_r04_d200,4
2,ReadyForWinter_VPCC_raw_d200,4
2,FlowerDance_VPCC_r04_d200,4
2,FlowerDance_VPCC_r03_d200,4
2,BlueSpin_GPCC_OCTREE_r03_d200,1
2,ReadyForWinter_GPCC_OCTREE_r04_d200,2
2,BlueSpin_GPCC_TRISOUP_r04_d200,4
2,ReadyForWinter_GPCC_OCTREE_r03_d200,1
2,ReadyForWinter_GPCC_TRISOUP_r03_d200,3
2,CasualSquat_GPCC_TRISOUP_r03_d200,4
2,ReadyForWinter_VPCC_r03_d200,3
2,BlueSpin_VPCC_r03_d200,3
2,CasualSquat_GPCC_TRISOUP_r04_d200,4
2,ReadyForWinter_VPCC_r05_d200,4
2,BlueSpin_VPCC_r05_d200,4
2,FlowerDance_GPCC_TRISOUP_r02_d200,3
2,FlowerDance_VPCC_r01_d200,3
2,CasualSquat_GPCC_OCTREE_r04_d200,2
2,FlowerDance_VPCC_r05_d200,5
2,FlowerDance_GPCC_TRISOUP_r03_d200,4
2,BlueSpin_VPCC_raw_d200,4
2,FlowerDance_VPCC_r02_d200,3
2,BlueSpin_GPCC_OCTREE_r04_d200,2
2,BlueSpin_GPCC_TRISOUP_r01_d200,2
2,CasualSquat_GPCC_OCTREE_r03_d200,1
3,ReadyForWinter_VPCC_r03_d200,1
3,CasualSquat_VPCC_r02_d200,1
3,CasualSquat_GPCC_TRISOUP_r02_d200,1
3,ReadyForWinter_GPCC_OCTREE_r03_d200,1
3,CasualSquat_GPCC_OCTREE_r05_d200,3
3,BlueSpin_GPCC_TRISOUP_r04_d200,3
3,ReadyForWinter_VPCC_r01_d200,2
3,CasualSquat_VPCC_raw_d200,4
3,BlueSpin_VPCC_r01_d200,2
3,FlowerDance_VPCC_r01_d200,2
3,ReadyForWinter_GPCC_TRISOUP_r04_d200,2
3,FlowerDance_GPCC_TRISOUP_r03_d200,3
3,BlueSpin_GPCC_TRISOUP_r02_d200,2
3,ReadyForWinter_GPCC_TRISOUP_r03_d200,2
3,ReadyForWinter_GPCC_OCTREE_r05_d200,2
3,FlowerDance_GPCC_TRISOUP_r02_d200,2
3,ReadyForWinter_GPCC_TRISOUP_r01_d200,1
3,FlowerDance_VPCC_r03_d200,3
3,BlueSpin_VPCC_raw_d200,3
3,BlueSpin_VPCC_r03_d200,2
3,CasualSquat_VPCC_r01_d200,2
3,ReadyForWinter_VPCC_raw_d200,3
3,FlowerDance_VPCC_r04_d200,2
3,FlowerDance_VPCC_raw_d200,2
3,CasualSquat_GPCC_OCTREE_r03_d200,1
3,FlowerDance_GPCC_OCTREE_r05_d200,2
3,CasualSquat_VPCC_r03_d200,2
3,BlueSpin_VPCC_r05_d200,2
3,ReadyForWinter_VPCC_r02_d200,1
3,ReadyForWinter_VPCC_r05_d200,2
3,ReadyForWinter_GPCC_OCTREE_r04_d200,1
3,BlueSpin_GPCC_OCTREE_r05_d200,1
3,BlueSpin_VPCC_r02_d200,1
3,FlowerDance_VPCC_r02_d200,2
3,FlowerDance_VPCC_r05_d200,3
3,BlueSpin_GPCC_TRISOUP_r01_d200,1
3,BlueSpin_GPCC_OCTREE_r04_d200,1
3,BlueSpin_GPCC_OCTREE_r03_d200,1
3,CasualSquat_VPCC_r04_d200,3
3,CasualSquat_GPCC_OCTREE_r04_d200,1
3,CasualSquat_GPCC_TRISOUP_r01_d200,1
3,BlueSpin_VPCC_r04_d200,2
3,CasualSquat_GPCC_TRISOUP_r04_d200,3
3,FlowerDance_GPCC_OCTREE_r04_d200,1
3,FlowerDance_GPCC_OCTREE_r03_d200,1
3,CasualSquat_GPCC_TRISOUP_r03_d200,3
3,ReadyForWinter_VPCC_r04_d200,2
3,ReadyForWinter_GPCC_TRISOUP_r02_d200,2
3,BlueSpin_GPCC_TRISOUP_r03_d200,2
3,FlowerDance_GPCC_TRISOUP_r01_d200,1
3,FlowerDance_GPCC_TRISOUP_r04_d200,3
3,CasualSquat_VPCC_r05_d200,3
4,FlowerDance_GPCC_TRISOUP_r03_d200,4
4,ReadyForWinter_VPCC_r03_d200,3
4,CasualSquat_GPCC_TRISOUP_r04_d200,4
4,CasualSquat_VPCC_r05_d200,3
4,BlueSpin_VPCC_r02_d200,2
4,BlueSpin_GPCC_TRISOUP_r03_d200,3
4,FlowerDance_VPCC_r03_d200,2
4,FlowerDance_VPCC_r04_d200,3
4,CasualSquat_VPCC_raw_d200,4
4,ReadyForWinter_GPCC_OCTREE_r05_d200,3
4,ReadyForWinter_GPCC_TRISOUP_r01_d200,1
4,BlueSpin_GPCC_TRISOUP_r02_d200,2
4,BlueSpin_GPCC_OCTREE_r05_d200,2
4,CasualSquat_GPCC_OCTREE_r04_d200,2
4,FlowerDance_GPCC_OCTREE_r05_d200,4
4,CasualSquat_GPCC_OCTREE_r03_d200,1
4,BlueSpin_GPCC_OCTREE_r04_d200,2
4,ReadyForWinter_VPCC_r05_d200,4
4,ReadyForWinter_VPCC_r02_d200,2
4,BlueSpin_GPCC_TRISOUP_r04_d200,2
4,BlueSpin_VPCC_r03_d200,2
4,ReadyForWinter_VPCC_r01_d200,1
4,CasualSquat_GPCC_OCTREE_r05_d200,3
4,FlowerDance_GPCC_TRISOUP_r04_d200,3
4,BlueSpin_GPCC_OCTREE_r03_d200,1
4,FlowerDance_GPCC_OCTREE_r03_d200,1
4,ReadyForWinter_GPCC_OCTREE_r03_d200,1
4,CasualSquat_GPCC_TRISOUP_r03_d200,3
4,ReadyForWinter_VPCC_r04_d200,3
4,BlueSpin_VPCC_r05_d200,3
4,FlowerDance_VPCC_raw_d200,4
4,BlueSpin_GPCC_TRISOUP_r01_d200,1
4,ReadyForWinter_GPCC_TRISOUP_r04_d200,2
4,BlueSpin_VPCC_r01_d200,1
4,FlowerDance_VPCC_r02_d200,2
4,CasualSquat_VPCC_r04_d200,3
4,ReadyForWinter_VPCC_raw_d200,4
4,CasualSquat_GPCC_TRISOUP_r01_d200,1
4,FlowerDance_GPCC_TRISOUP_r02_d200,2
4,BlueSpin_VPCC_raw_d200,3
4,CasualSquat_VPCC_r02_d200,2
4,ReadyForWinter_GPCC_TRISOUP_r02_d200,2
4,CasualSquat_VPCC_r01_d200,2
4,FlowerDance_VPCC_r01_d200,1
4,FlowerDance_VPCC_r05_d200,3
4,ReadyForWinter_GPCC_TRISOUP_r03_d200,3
4,ReadyForWinter_GPCC_OCTREE_r04_d200,2
4,CasualSquat_GPCC_TRISOUP_r02_d200,2
4,BlueSpin_VPCC_r04_d200,2
4,FlowerDance_GPCC_OCTREE_r04_d200,2
4,CasualSquat_VPCC_r03_d200,3
4,FlowerDance_GPCC_TRISOUP_r01_d200,1
5,FlowerDance_VPCC_r01_d200,2
5,BlueSpin_VPCC_raw_d200,4
5,CasualSquat_GPCC_OCTREE_r03_d200,3
5,BlueSpin_VPCC_r01_d200,2
5,ReadyForWinter_GPCC_TRISOUP_r02_d200,3
5,BlueSpin_GPCC_OCTREE_r03_d200,2
5,ReadyForWinter_VPCC_r04_d200,3
5,FlowerDance_GPCC_TRISOUP_r03_d200,5
5,BlueSpin_VPCC_r05_d200,4
5,FlowerDance_VPCC_r04_d200,4
5,FlowerDance_VPCC_r03_d200,4
5,CasualSquat_VPCC_raw_d200,4
5,FlowerDance_GPCC_OCTREE_r05_d200,4
5,BlueSpin_GPCC_TRISOUP_r02_d200,3
5,BlueSpin_VPCC_r02_d200,1
5,BlueSpin_GPCC_OCTREE_r05_d200,4
5,BlueSpin_GPCC_TRISOUP_r04_d200,5
5,BlueSpin_GPCC_OCTREE_r04_d200,3
5,BlueSpin_VPCC_r04_d200,5
5,CasualSquat_VPCC_r03_d200,4
5,ReadyForWinter_VPCC_r02_d200,2
5,FlowerDance_GPCC_OCTREE_r03_d200,3
5,FlowerDance_VPCC_r05_d200,5
5,FlowerDance_GPCC_TRISOUP_r04_d200,5
5,ReadyForWinter_GPCC_TRISOUP_r01_d200,1
5,ReadyForWinter_GPCC_TRISOUP_r03_d200,2
5,BlueSpin_GPCC_TRISOUP_r01_d200,1
5,CasualSquat_VPCC_r01_d200,3
5,CasualSquat_VPCC_r04_d200,3
5,FlowerDance_VPCC_r02_d200,3
5,FlowerDance_GPCC_TRISOUP_r02_d200,4
5,CasualSquat_GPCC_TRISOUP_r01_d200,2
5,ReadyForWinter_GPCC_TRISOUP_r04_d200,4
5,BlueSpin_GPCC_TRISOUP_r03_d200,3
5,BlueSpin_VPCC_r03_d200,3
5,CasualSquat_GPCC_OCTREE_r05_d200,4
5,ReadyForWinter_VPCC_r01_d200,2
5,CasualSquat_GPCC_TRISOUP_r03_d200,4
5,ReadyForWinter_VPCC_r05_d200,5
5,ReadyForWinter_GPCC_OCTREE_r05_d200,4
5,CasualSquat_GPCC_TRISOUP_r04_d200,4
5,FlowerDance_VPCC_raw_d200,4
5,ReadyForWinter_VPCC_raw_d200,3
5,FlowerDance_GPCC_OCTREE_r04_d200,3
5,CasualSquat_VPCC_r02_d200,3
5,CasualSquat_GPCC_TRISOUP_r02_d200,2
5,FlowerDance_GPCC_TRISOUP_r01_d200,1
5,ReadyForWinter_VPCC_r03_d200,2
5,ReadyForWinter_GPCC_OCTREE_r04_d200,3
5,CasualSquat_GPCC_OCTREE_r04_d200,3
5,ReadyForWinter_GPCC_OCTREE_r03_d200,2
5,CasualSquat_VPCC_r05_d200,4
6,FlowerDance_GPCC_TRISOUP_r03_d200,3
6,BlueSpin_GPCC_TRISOUP_r01_d200,2
6,BlueSpin_GPCC_OCTREE_r03_d200,4
6,CasualSquat_VPCC_r03_d200,3
6,ReadyForWinter_GPCC_TRISOUP_r03_d200,4
6,ReadyForWinter_VPCC_r04_d200,3
6,FlowerDance_VPCC_r01_d200,1
6,ReadyForWinter_GPCC_OCTREE_r03_d200,4
6,CasualSquat_VPCC_r04_d200,4
6,BlueSpin_GPCC_TRISOUP_r04_d200,4
6,CasualSquat_GPCC_TRISOUP_r03_d200,3
6,FlowerDance_VPCC_r05_d200,4
6,CasualSquat_GPCC_TRISOUP_r01_d200,1
6,ReadyForWinter_GPCC_TRISOUP_r01_d200,1
6,CasualSquat_GPCC_OCTREE_r04_d200,5
6,FlowerDance_GPCC_TRISOUP_r01_d200,2
6,FlowerDance_VPCC_r03_d200,3
6,FlowerDance_GPCC_OCTREE_r03_d200,4
6,ReadyForWinter_VPCC_r03_d200,3
6,FlowerDance_GPCC_TRISOUP_r04_d200,4
6,FlowerDance_VPCC_r02_d200,3
6,ReadyForWinter_GPCC_OCTREE_r04_d200,4
6,FlowerDance_VPCC_raw_d200,4
6,ReadyForWinter_GPCC_OCTREE_r05_d200,5
6,ReadyForWinter_VPCC_r01_d200,3
6,CasualSquat_VPCC_r02_d200,2
6,CasualSquat_VPCC_r05_d200,4
6,BlueSpin_VPCC_raw_d200,5
6,CasualSquat_VPCC_raw_d200,4
6,CasualSquat_GPCC_OCTREE_r03_d200,3
6,FlowerDance_GPCC_TRISOUP_r02_d200,2
6,ReadyForWinter_VPCC_r02_d200,3
6,BlueSpin_VPCC_r05_d200,4
6,ReadyForWinter_VPCC_r05_d200,4
6,ReadyForWinter_GPCC_TRISOUP_r04_d200,4
6,FlowerDance_GPCC_OCTREE_r05_d200,4
6,BlueSpin_VPCC_r02_d200,2
6,BlueSpin_GPCC_TRISOUP_r02_d200,3
6,CasualSquat_GPCC_OCTREE_r05_d200,4
6,BlueSpin_VPCC_r03_d200,3
6,BlueSpin_VPCC_r04_d200,3
6,CasualSquat_GPCC_TRISOUP_r04_d200,3
6,CasualSquat_GPCC_TRISOUP_r02_d200,2
6,BlueSpin_GPCC_TRISOUP_r03_d200,4
6,FlowerDance_VPCC_r04_d200,3
6,BlueSpin_GPCC_OCTREE_r04_d200,3
6,ReadyForWinter_GPCC_TRISOUP_r02_d200,2
6,CasualSquat_VPCC_r01_d200,2
6,FlowerDance_GPCC_OCTREE_r04_d200,4
6,ReadyForWinter_VPCC_raw_d200,4
6,BlueSpin_GPCC_OCTREE_r05_d200,4
6,BlueSpin_VPCC_r01_d200,3
7,FlowerDance_GPCC_TRISOUP_r03_d200,3
7,CasualSquat_VPCC_r01_d200,1
7,ReadyForWinter_VPCC_r03_d200,2
7,CasualSquat_VPCC_r03_d200,2
7,BlueSpin_VPCC_r01_d200,1
7,FlowerDance_VPCC_r05_d200,4
7,CasualSquat_GPCC_OCTREE_r05_d200,3
7,ReadyForWinter_GPCC_OCTREE_r05_d200,2
7,FlowerDance_GPCC_OCTREE_r05_d200,4
7,FlowerDance_VPCC_r04_d200,3
7,ReadyForWinter_VPCC_r01_d200,1
7,ReadyForWinter_GPCC_TRISOUP_r02_d200,1
7,FlowerDance_GPCC_OCTREE_r03_d200,1
7,FlowerDance_GPCC_TRISOUP_r01_d200,1
7,BlueSpin_GPCC_OCTREE_r04_d200,1
7,BlueSpin_VPCC_r05_d200,4
7,FlowerDance_GPCC_TRISOUP_r04_d200,4
7,ReadyForWinter_VPCC_raw_d200,3
7,ReadyForWinter_GPCC_OCTREE_r03_d200,1
7,CasualSquat_VPCC_r05_d200,2
7,BlueSpin_GPCC_TRISOUP_r01_d200,1
7,BlueSpin_VPCC_r02_d200,2
7,ReadyForWinter_VPCC_r02_d200,1
7,BlueSpin_GPCC_TRISOUP_r03_d200,3
7,BlueSpin_VPCC_r03_d200,2
7,CasualSquat_GPCC_TRISOUP_r02_d200,2
7,FlowerDance_VPCC_raw_d200,5
7,CasualSquat_VPCC_r04_d200,4
7,BlueSpin_GPCC_OCTREE_r05_d200,3
7,ReadyForWinter_VPCC_r04_d200,3
7,CasualSquat_VPCC_raw_d200,5
7,CasualSquat_VPCC_r02_d200,2
7,BlueSpin_VPCC_raw_d200,5
7,CasualSquat_GPCC_TRISOUP_r01_d200,1
7,CasualSquat_GPCC_TRISOUP_r04_d200,4
7,FlowerDance_GPCC_OCTREE_r04_d200,3
7,ReadyForWinter_VPCC_r05_d200,3
7,FlowerDance_VPCC_r01_d200,2
7,BlueSpin_VPCC_r04_d200,4
7,CasualSquat_GPCC_OCTREE_r04_d200,2
7,ReadyForWinter_GPCC_OCTREE_r04_d200,2
7,ReadyForWinter_GPCC_TRISOUP_r03_d200,3
7,CasualSquat_GPCC_OCTREE_r03_d200,1
7,ReadyForWinter_GPCC_TRISOUP_r01_d200,1
7,CasualSquat_GPCC_TRISOUP_r03_d200,3
7,BlueSpin_GPCC_TRISOUP_r04_d200,5
7,FlowerDance_GPCC_TRISOUP_r02_d200,3
7,ReadyForWinter_GPCC_TRISOUP_r04_d200,3
7,BlueSpin_GPCC_OCTREE_r03_d200,1
7,FlowerDance_VPCC_r03_d200,3
7,FlowerDance_VPCC_r02_d200,2
7,BlueSpin_GPCC_TRISOUP_r02_d200,2
8,ReadyForWinter_GPCC_OCTREE_r05_d200,4
8,ReadyForWinter_VPCC_r03_d200,5
8,BlueSpin_VPCC_r01_d200,1
8,BlueSpin_GPCC_TRISOUP_r01_d200,1
8,CasualSquat_GPCC_TRISOUP_r03_d200,4
8,FlowerDance_VPCC_r01_d200,1
8,CasualSquat_VPCC_r05_d200,4
8,BlueSpin_GPCC_TRISOUP_r02_d200,5
8,CasualSquat_GPCC_OCTREE_r03_d200,4
8,ReadyForWinter_GPCC_TRISOUP_r01_d200,1
8,FlowerDance_GPCC_TRISOUP_r04_d200,5
8,ReadyForWinter_VPCC_r04_d200,4
8,FlowerDance_GPCC_TRISOUP_r01_d200,1
8,ReadyForWinter_VPCC_r01_d200,2
8,FlowerDance_VPCC_r03_d200,3
8,ReadyForWinter_GPCC_TRISOUP_r03_d200,4
8,FlowerDance_GPCC_TRISOUP_r03_d200,3
8,BlueSpin_GPCC_OCTREE_r03_d200,1
8,ReadyForWinter_VPCC_r02_d200,3
8,BlueSpin_VPCC_r02_d200,2
8,ReadyForWinter_GPCC_TRISOUP_r04_d200,4
8,FlowerDance_GPCC_OCTREE_r05_d200,3
8,CasualSquat_GPCC_TRISOUP_r01_d200,1
8,FlowerDance_GPCC_OCTREE_r04_d200,1
8,ReadyForWinter_VPCC_raw_d200,5
8,FlowerDance_VPCC_r02_d200,1
8,CasualSquat_VPCC_r01_d200,2
8,CasualSquat_VPCC_raw_d200,3
8,FlowerDance_GPCC_OCTREE_r03_d200,1
8,CasualSquat_GPCC_OCTREE_r04_d200,1
8,BlueSpin_GPCC_OCTREE_r04_d200,1
8,BlueSpin_GPCC_TRISOUP_r04_d200,5
8,BlueSpin_VPCC_r03_d200,4
8,ReadyForWinter_GPCC_TRISOUP_r02_d200,3
8,FlowerDance_VPCC_raw_d200,5
8,FlowerDance_VPCC_r04_d200,4
8,BlueSpin_GPCC_TRISOUP_r03_d200,5
8,ReadyForWinter_VPCC_r05_d200,4
8,FlowerDance_GPCC_TRISOUP_r02_d200,2
8,BlueSpin_VPCC_r05_d200,5
8,BlueSpin_VPCC_r04_d200,5
8,CasualSquat_GPCC_OCTREE_r05_d200,3
8,ReadyForWinter_GPCC_OCTREE_r04_d200,1
8,BlueSpin_GPCC_OCTREE_r05_d200,2
8,CasualSquat_VPCC_r04_d200,4
8,ReadyForWinter_GPCC_OCTREE_r03_d200,1
8,CasualSquat_GPCC_TRISOUP_r04_d200,5
8,CasualSquat_VPCC_r03_d200,2
8,FlowerDance_VPCC_r05_d200,3
8,CasualSquat_VPCC_r02_d200,3
8,CasualSquat_GPCC_TRISOUP_r02_d200,2
8,BlueSpin_VPCC_raw_d200,4
9,BlueSpin_GPCC_OCTREE_r03_d200,1
9,CasualSquat_GPCC_OCTREE_r03_d200,1
9,CasualSquat_VPCC_raw_d200,3
9,FlowerDance_GPCC_TRISOUP_r01_d200,2
9,ReadyForWinter_VPCC_r05_d200,3
9,CasualSquat_GPCC_TRISOUP_r03_d200,2
9,ReadyForWinter_GPCC_TRISOUP_r01_d200,1
9,ReadyForWinter_GPCC_OCTREE_r05_d200,3
9,FlowerDance_GPCC_OCTREE_r05_d200,3
9,FlowerDance_VPCC_r03_d200,2
9,BlueSpin_VPCC_r03_d200,2
9,BlueSpin_GPCC_OCTREE_r04_d200,1
9,ReadyForWinter_VPCC_r03_d200,2
9,ReadyForWinter_GPCC_TRISOUP_r03_d200,3
9,FlowerDance_GPCC_TRISOUP_r03_d200,3
9,BlueSpin_GPCC_TRISOUP_r02_d200,1
9,FlowerDance_GPCC_OCTREE_r04_d200,1
9,BlueSpin_VPCC_r02_d200,2
9,BlueSpin_VPCC_r04_d200,3
9,CasualSquat_GPCC_TRISOUP_r02_d200,2
9,BlueSpin_GPCC_OCTREE_r05_d200,1
9,CasualSquat_VPCC_r01_d200,1
9,FlowerDance_VPCC_r04_d200,3
9,FlowerDance_GPCC_TRISOUP_r04_d200,3
9,CasualSquat_GPCC_OCTREE_r04_d200,1
9,CasualSquat_GPCC_OCTREE_r05_d200,3
9,BlueSpin_GPCC_TRISOUP_r04_d200,2
9,FlowerDance_VPCC_r02_d200,2
9,ReadyForWinter_VPCC_raw_d200,4
9,FlowerDance_GPCC_OCTREE_r03_d200,1
9,BlueSpin_GPCC_TRISOUP_r01_d200,1
9,CasualSquat_VPCC_r05_d200,3
9,ReadyForWinter_GPCC_TRISOUP_r04_d200,2
9,FlowerDance_GPCC_TRISOUP_r02_d200,2
9,CasualSquat_GPCC_TRISOUP_r04_d200,3
9,FlowerDance_VPCC_raw_d200,4
9,BlueSpin_GPCC_TRISOUP_r03_d200,3
9,ReadyForWinter_GPCC_OCTREE_r03_d200,1
9,ReadyForWinter_VPCC_r04_d200,2
9,ReadyForWinter_VPCC_r01_d200,1
9,CasualSquat_VPCC_r02_d200,2
9,ReadyForWinter_GPCC_TRISOUP_r02_d200,2
9,BlueSpin_VPCC_r05_d200,3
9,FlowerDance_VPCC_r05_d200,4
9,BlueSpin_VPCC_r01_d200,1
9,FlowerDance_VPCC_r01_d200,2
9,CasualSquat_VPCC_r03_d200,2
9,ReadyForWinter_VPCC_r02_d200,2
9,ReadyForWinter_GPCC_OCTREE_r04_d200,1
9,CasualSquat_VPCC_r04_d200,2
9,CasualSquat_GPCC_TRISOUP_r01_d200,1
9,BlueSpin_VPCC_raw_d200,4
10,BlueSpin_GPCC_TRISOUP_r01_d200,1
10,BlueSpin_GPCC_TRISOUP_r03_d200,3
10,FlowerDance_VPCC_r04_d200,3
10,ReadyForWinter_GPCC_OCTREE_r03_d200,1
10,BlueSpin_GPCC_OCTREE_r04_d200,1
10,FlowerDance_GPCC_TRISOUP_r02_d200,2
10,ReadyForWinter_GPCC_OCTREE_r05_d200,1
10,FlowerDance_VPCC_r02_d200,2
10,CasualSquat_VPCC_r05_d200,4
10,BlueSpin_VPCC_r03_d200,2
10,BlueSpin_VPCC_r05_d200,3
10,FlowerDance_GPCC_OCTREE_r04_d200,1
10,CasualSquat_GPCC_OCTREE_r05_d200,3
10,BlueSpin_GPCC_OCTREE_r05_d200,2
10,BlueSpin_VPCC_r02_d200,1
10,BlueSpin_GPCC_OCTREE_r03_d200,1
10,ReadyForWinter_GPCC_TRISOUP_r01_d200,1
10,ReadyForWinter_GPCC_TRISOUP_r02_d200,2
10,CasualSquat_VPCC_r01_d200,1
10,BlueSpin_GPCC_TRISOUP_r02_d200,1
10,FlowerDance_VPCC_r05_d200,4
10,CasualSquat_VPCC_r03_d200,2
10,CasualSquat_VPCC_r04_d200,2
10,CasualSquat_GPCC_OCTREE_r04_d200,1
10,FlowerDance_GPCC_TRISOUP_r04_d200,4
10,CasualSquat_GPCC_TRISOUP_r04_d200,3
10,BlueSpin_VPCC_r01_d200,1
10,CasualSquat_GPCC_TRISOUP_r01_d200,1
10,CasualSquat_VPCC_raw_d200,4
10,CasualSquat_GPCC_TRISOUP_r02_d200,2
10,ReadyForWinter_GPCC_TRISOUP_r04_d200,3
10,ReadyForWinter_VPCC_r02_d200,2
10,ReadyForWinter_VPCC_r03_d200,2
10,BlueSpin_GPCC_TRISOUP_r04_d200,3
10,CasualSquat_VPCC_r02_d200,3
10,FlowerDance_GPCC_OCTREE_r05_d200,2
10,ReadyForWinter_VPCC_r01_d200,1
10,FlowerDance_GPCC_OCTREE_r03_d200,1
10,ReadyForWinter_VPCC_r04_d200,4
10,FlowerDance_VPCC_r03_d200,2
10,BlueSpin_VPCC_r04_d200,4
10,ReadyForWinter_GPCC_OCTREE_r04_d200,1
10,FlowerDance_GPCC_TRISOUP_r03_d200,4
10,CasualSquat_GPCC_TRISOUP_r03_d200,4
10,ReadyForWinter_VPCC_raw_d200,4
10,ReadyForWinter_VPCC_r05_d200,3
10,FlowerDance_VPCC_raw_d200,5
10,ReadyForWinter_GPCC_TRISOUP_r03_d200,3
10,CasualSquat_GPCC_OCTREE_r03_d200,1
10,BlueSpin_VPCC_raw_d200,4
10,FlowerDance_VPCC_r01_d200,2
10,FlowerDance_GPCC_TRISOUP_r01_d200,1
11,ReadyForWinter_VPCC_r04_d200,4
11,CasualSquat_GPCC_OCTREE_r05_d200,4
11,FlowerDance_GPCC_TRISOUP_r02_d200,4
11,FlowerDance_GPCC_OCTREE_r03_d200,1
11,FlowerDance_VPCC_r03_d200,3
11,CasualSquat_GPCC_TRISOUP_r04_d200,4
11,BlueSpin_VPCC_r02_d200,2
11,BlueSpin_GPCC_TRISOUP_r04_d200,3
11,ReadyForWinter_GPCC_OCTREE_r05_d200,2
11,ReadyForWinter_GPCC_TRISOUP_r04_d200,4
11,ReadyForWinter_GPCC_OCTREE_r03_d200,1
11,ReadyForWinter_VPCC_r02_d200,2
11,CasualSquat_VPCC_r04_d200,4
11,ReadyForWinter_VPCC_raw_d200,4
11,FlowerDance_GPCC_OCTREE_r05_d200,4
11,BlueSpin_VPCC_r05_d200,4
11,BlueSpin_VPCC_r03_d200,3
11,CasualSquat_GPCC_TRISOUP_r03_d200,4
11,CasualSquat_VPCC_r05_d200,4
11,ReadyForWinter_VPCC_r01_d200,2
11,FlowerDance_VPCC_r02_d200,3
11,CasualSquat_GPCC_TRISOUP_r01_d200,2
11,CasualSquat_VPCC_raw_d200,4
11,BlueSpin_GPCC_TRISOUP_r03_d200,3
11,FlowerDance_GPCC_TRISOUP_r03_d200,4
11,BlueSpin_GPCC_OCTREE_r04_d200,1
11,CasualSquat_GPCC_OCTREE_r04_d200,2
11,ReadyForWinter_GPCC_OCTREE_r04_d200,1
11,FlowerDance_VPCC_raw_d200,5
11,BlueSpin_GPCC_TRISOUP_r01_d200,2
11,FlowerDance_GPCC_TRISOUP_r01_d200,2
11,CasualSquat_VPCC_r02_d200,3
11,FlowerDance_VPCC_r01_d200,2
11,FlowerDance_VPCC_r05_d200,3
11,ReadyForWinter_GPCC_TRISOUP_r01_d200,1
11,CasualSquat_VPCC_r03_d200,4
11,CasualSquat_GPCC_TRISOUP_r02_d200,3
11,BlueSpin_VPCC_r04_d200,3
11,FlowerDance_GPCC_OCTREE_r04_d200,1
11,FlowerDance_VPCC_r04_d200,4
11,BlueSpin_VPCC_raw_d200,4
11,ReadyForWinter_GPCC_TRISOUP_r03_d200,3
11,BlueSpin_VPCC_r01_d200,1
11,ReadyForWinter_VPCC_r03_d200,3
11,BlueSpin_GPCC_TRISOUP_r02_d200,3
11,ReadyForWinter_GPCC_TRISOUP_r02_d200,2
11,FlowerDance_GPCC_TRISOUP_r04_d200,5
11,CasualSquat_GPCC_OCTREE_r03_d200,1
11,BlueSpin_GPCC_OCTREE_r03_d200,1
11,BlueSpin_GPCC_OCTREE_r05_d200,2
11,ReadyForWinter_VPCC_r05_d200,3
11,CasualSquat_VPCC_r01_d200,3
12,BlueSpin_GPCC_TRISOUP_r01_d200,2
12,FlowerDance_GPCC_TRISOUP_r01_d200,1
12,CasualSquat_VPCC_raw_d200,4
12,CasualSquat_GPCC_TRISOUP_r03_d200,3
12,FlowerDance_VPCC_r04_d200,3
12,FlowerDance_VPCC_r01_d200,1
12,FlowerDance_GPCC_TRISOUP_r03_d200,4
12,BlueSpin_GPCC_OCTREE_r05_d200,4
12,ReadyForWinter_VPCC_r05_d200,4
12,ReadyForWinter_GPCC_TRISOUP_r03_d200,3
12,CasualSquat_VPCC_r03_d200,3
12,CasualSquat_GPCC_TRISOUP_r02_d200,2
12,FlowerDance_VPCC_r03_d200,3
12,BlueSpin_GPCC_OCTREE_r04_d200,2
12,ReadyForWinter_GPCC_TRISOUP_r04_d200,4
12,CasualSquat_VPCC_r04_d200,3
12,ReadyForWinter_VPCC_raw_d200,5
12,FlowerDance_VPCC_raw_d200,4
12,BlueSpin_VPCC_r01_d200,1
12,CasualSquat_GPCC_OCTREE_r05_d200,3
12,CasualSquat_GPCC_OCTREE_r03_d200,1
12,BlueSpin_GPCC_OCTREE_r03_d200,2
12,BlueSpin_VPCC_r04_d200,4
12,CasualSquat_GPCC_TRISOUP_r01_d200,2
12,ReadyForWinter_GPCC_OCTREE_r05_d200,4
12,FlowerDance_GPCC_OCTREE_r03_d200,1
12,FlowerDance_VPCC_r02_d200,3
12,BlueSpin_GPCC_TRISOUP_r04_d200,4
12,FlowerDance_GPCC_OCTREE_r04_d200,3
12,FlowerDance_GPCC_TRISOUP_r04_d200,4
12,ReadyForWinter_GPCC_TRISOUP_r02_d200,4
12,CasualSquat_VPCC_r05_d200,4
12,CasualSquat_GPCC_OCTREE_r04_d200,2
12,BlueSpin_VPCC_raw_d200,5
12,ReadyForWinter_GPCC_OCTREE_r04_d200,3
12,ReadyForWinter_GPCC_OCTREE_r03_d200,1
12,BlueSpin_GPCC_TRISOUP_r03_d200,4
12,BlueSpin_VPCC_r05_d200,3
12,FlowerDance_VPCC_r05_d200,4
12,CasualSquat_GPCC_TRISOUP_r04_d200,4
12,CasualSquat_VPCC_r02_d200,3
12,BlueSpin_GPCC_TRISOUP_r02_d200,3
12,ReadyForWinter_VPCC_r01_d200,2
12,BlueSpin_VPCC_r03_d200,4
12,FlowerDance_GPCC_OCTREE_r05_d200,4
12,ReadyForWinter_VPCC_r03_d200,3
12,CasualSquat_VPCC_r01_d200,2
12,ReadyForWinter_GPCC_TRISOUP_r01_d200,2
12,FlowerDance_GPCC_TRISOUP_r02_d200,3
12,ReadyForWinter_VPCC_r04_d200,4
12,BlueSpin_VPCC_r02_d200,3
12,ReadyForWinter_VPCC_r02_d200,3
13,ReadyForWinter_GPCC_OCTREE_r05_d200,2
13,BlueSpin_GPCC_TRISOUP_r02_d200,1
13,ReadyForWinter_VPCC_r01_d200,1
13,CasualSquat_GPCC_OCTREE_r04_d200,2
13,ReadyForWinter_VPCC_r03_d200,2
13,FlowerDance_GPCC_OCTREE_r04_d200,2
13,ReadyForWinter_VPCC_r04_d200,3
13,ReadyForWinter_VPCC_r02_d200,2
13,FlowerDance_GPCC_OCTREE_r03_d200,1
13,CasualSquat_VPCC_r01_d200,3
13,FlowerDance_GPCC_TRISOUP_r02_d200,3
13,ReadyForWinter_GPCC_TRISOUP_r03_d200,3
13,CasualSquat_GPCC_OCTREE_r05_d200,3
13,ReadyForWinter_VPCC_raw_d200,4
13,ReadyForWinter_VPCC_r05_d200,3
13,BlueSpin_VPCC_r02_d200,2
13,ReadyForWinter_GPCC_TRISOUP_r04_d200,2
13,FlowerDance_VPCC_r01_d200,2
13,ReadyForWinter_GPCC_OCTREE_r04_d200,2
13,BlueSpin_VPCC_r04_d200,3
13,CasualSquat_GPCC_TRISOUP_r04_d200,3
13,FlowerDance_VPCC_r02_d200,1
13,CasualSquat_GPCC_TRISOUP_r02_d200,2
13,CasualSquat_VPCC_r03_d200,2
13,BlueSpin_GPCC_TRISOUP_r04_d200,4
13,FlowerDance_GPCC_TRISOUP_r01_d200,1
13,CasualSquat_VPCC_r02_d200,2
13,CasualSquat_GPCC_TRISOUP_r01_d200,1
13,BlueSpin_GPCC_OCTREE_r05_d200,3
13,FlowerDance_GPCC_TRISOUP_r03_d200,3
13,BlueSpin_GPCC_OCTREE_r03_d200,1
13,BlueSpin_GPCC_OCTREE_r04_d200,1
13,FlowerDance_VPCC_r05_d200,3
13,FlowerDance_VPCC_raw_d200,4
13,CasualSquat_GPCC_OCTREE_r03_d200,1
13,BlueSpin_GPCC_TRISOUP_r01_d200,1
13,BlueSpin_VPCC_r05_d200,3
13,BlueSpin_GPCC_TRISOUP_r03_d200,2
13,BlueSpin_VPCC_r01_d200,1
13,ReadyForWinter_GPCC_OCTREE_r03_d200,2
13,CasualSquat_GPCC_TRISOUP_r03_d200,3
13,BlueSpin_VPCC_r03_d200,2
13,ReadyForWinter_GPCC_TRISOUP_r02_d200,1
13,FlowerDance_VPCC_r03_d200,2
13,FlowerDance_VPCC_r04_d200,3
13,CasualSquat_VPCC_r05_d200,2
13,ReadyForWinter_GPCC_TRISOUP_r01_d200,1
13,FlowerDance_GPCC_OCTREE_r05_d200,2
13,CasualSquat_VPCC_raw_d200,4
13,CasualSquat_VPCC_r04_d200,2
13,FlowerDance_GPCC_TRISOUP_r04_d200,4
13,BlueSpin_VPCC_raw_d200,4
14,BlueSpin_GPCC_OCTREE_r04_d200,4
14,FlowerDance_GPCC_OCTREE_r05_d200,5
14,ReadyForWinter_GPCC_TRISOUP_r01_d200,2
14,ReadyForWinter_VPCC_r01_d200,3
14,FlowerDance_GPCC_OCTREE_r04_d200,2
14,ReadyForWinter_GPCC_OCTREE_r05_d200,4
14,FlowerDance_VPCC_r01_d200,2
14,BlueSpin_VPCC_raw_d200,5
14,BlueSpin_VPCC_r01_d200,2
14,CasualSquat_VPCC_r03_d200,4
14,FlowerDance_VPCC_raw_d200,4
14,CasualSquat_GPCC_TRISOUP_r01_d200,1
14,FlowerDance_GPCC_TRISOUP_r03_d200,3
14,BlueSpin_VPCC_r04_d200,3
14,BlueSpin_GPCC_TRISOUP_r02_d200,2
14,CasualSquat_GPCC_OCTREE_r04_d200,3
14,BlueSpin_GPCC_TRISOUP_r01_d200,2
14,ReadyForWinter_GPCC_TRISOUP_r04_d200,3
14,ReadyForWinter_GPCC_TRISOUP_r03_d200,3
14,CasualSquat_GPCC_TRISOUP_r03_d200,4
14,FlowerDance_GPCC_TRISOUP_r04_d200,3
14,ReadyForWinter_GPCC_OCTREE_r03_d200,1
14,BlueSpin_VPCC_r03_d200,3
14,CasualSquat_GPCC_TRISOUP_r04_d200,3
14,FlowerDance_VPCC_r04_d200,3
14,CasualSquat_VPCC_r02_d200,2
14,BlueSpin_GPCC_OCTREE_r05_d200,3
14,BlueSpin_GPCC_OCTREE_r03_d200,1
14,ReadyForWinter_GPCC_TRISOUP_r02_d200,2
14,CasualSquat_VPCC_raw_d200,4
14,CasualSquat_GPCC_OCTREE_r03_d200,1
14,BlueSpin_VPCC_r05_d200,4
14,ReadyForWinter_VPCC_r02_d200,2
14,CasualSquat_VPCC_r05_d200,3
14,CasualSquat_GPCC_TRISOUP_r02_d200,2
14,ReadyForWinter_VPCC_r03_d200,3
14,FlowerDance_GPCC_TRISOUP_r01_d200,2
14,FlowerDance_VPCC_r05_d200,4
14,FlowerDance_VPCC_r02_d200,3
14,CasualSquat_GPCC_OCTREE_r05_d200,4
14,ReadyForWinter_VPCC_r04_d200,3
14,ReadyForWinter_GPCC_OCTREE_r04_d200,2
14,BlueSpin_GPCC_TRISOUP_r04_d200,3
14,CasualSquat_VPCC_r01_d200,1
14,FlowerDance_GPCC_TRISOUP_r02_d200,2
14,ReadyForWinter_VPCC_r05_d200,4
14,CasualSquat_VPCC_r04_d200,3
14,FlowerDance_GPCC_OCTREE_r03_d200,1
14,BlueSpin_GPCC_TRISOUP_r03_d200,3
14,BlueSpin_VPCC_r02_d200,2
14,FlowerDance_VPCC_r03_d200,3
14,ReadyForWinter_VPCC_raw_d200,4
15,CasualSquat_GPCC_OCTREE_r03_d200,1
15,ReadyForWinter_VPCC_raw_d200,5
15,BlueSpin_VPCC_r02_d200,3
15,FlowerDance_VPCC_r04_d200,4
15,CasualSquat_GPCC_TRISOUP_r01_d200,2
15,FlowerDance_GPCC_OCTREE_r05_d200,3
15,CasualSquat_VPCC_r05_d200,4
15,ReadyForWinter_VPCC_r01_d200,1
15,ReadyForWinter_GPCC_TRISOUP_r03_d200,4
15,FlowerDance_VPCC_raw_d200,5
15,BlueSpin_GPCC_TRISOUP_r02_d200,2
15,BlueSpin_VPCC_r03_d200,3
15,ReadyForWinter_VPCC_r03_d200,3
15,BlueSpin_GPCC_OCTREE_r05_d200,3
15,FlowerDance_VPCC_r01_d200,1
15,FlowerDance_GPCC_TRISOUP_r02_d200,2
15,CasualSquat_VPCC_raw_d200,5
15,ReadyForWinter_GPCC_OCTREE_r04_d200,2
15,BlueSpin_VPCC_r05_d200,4
15,CasualSquat_GPCC_TRISOUP_r02_d200,2
15,ReadyForWinter_VPCC_r02_d200,1
15,FlowerDance_GPCC_TRISOUP_r04_d200,4
15,FlowerDance_GPCC_OCTREE_r03_d200,1
15,CasualSquat_VPCC_r04_d200,5
15,CasualSquat_GPCC_OCTREE_r04_d200,4
15,FlowerDance_VPCC_r05_d200,4
15,CasualSquat_VPCC_r02_d200,3
15,FlowerDance_VPCC_r02_d200,2
15,BlueSpin_GPCC_TRISOUP_r04_d200,5
15,FlowerDance_GPCC_TRISOUP_r03_d200,3
15,ReadyForWinter_GPCC_OCTREE_r03_d200,1
15,ReadyForWinter_VPCC_r05_d200,5
15,ReadyForWinter_VPCC_r04_d200,5
15,BlueSpin_VPCC_r01_d200,1
15,ReadyForWinter_GPCC_TRISOUP_r02_d200,3
15,BlueSpin_VPCC_r04_d200,5
15,FlowerDance_GPCC_OCTREE_r04_d200,4
15,ReadyForWinter_GPCC_TRISOUP_r04_d200,5
15,CasualSquat_GPCC_TRISOUP_r03_d200,5
15,CasualSquat_VPCC_r03_d200,3
15,BlueSpin_GPCC_TRISOUP_r01_d200,1
15,BlueSpin_GPCC_OCTREE_r03_d200,4
15,ReadyForWinter_GPCC_OCTREE_r05_d200,5
15,FlowerDance_VPCC_r03_d200,4
15,CasualSquat_VPCC_r01_d200,2
15,CasualSquat_GPCC_TRISOUP_r04_d200,4
15,FlowerDance_GPCC_TRISOUP_r01_d200,1
15,BlueSpin_GPCC_OCTREE_r04_d200,4
15,ReadyForWinter_GPCC_TRISOUP_r01_d200,1
15,BlueSpin_VPCC_raw_d200,5
15,BlueSpin_GPCC_TRISOUP_r03_d200,5
15,CasualSquat_GPCC_OCTREE_r05_d200,5
16,BlueSpin_VPCC_r05_d200,2
16,BlueSpin_VPCC_r01_d200,1
16,CasualSquat_GPCC_TRISOUP_r01_d200,1
16,FlowerDance_GPCC_OCTREE_r03_d200,1
16,BlueSpin_GPCC_TRISOUP_r04_d200,4
16,ReadyForWinter_VPCC_r02_d200,3
16,ReadyForWinter_GPCC_TRISOUP_r04_d200,4
16,ReadyForWinter_GPCC_TRISOUP_r03_d200,4
16,ReadyForWinter_VPCC_r03_d200,4
16,BlueSpin_VPCC_r03_d200,2
16,FlowerDance_GPCC_TRISOUP_r04_d200,5
16,CasualSquat_GPCC_OCTREE_r03_d200,1
16,FlowerDance_GPCC_TRISOUP_r01_d200,1
16,FlowerDance_VPCC_r02_d200,2
16,ReadyForWinter_VPCC_r01_d200,1
16,BlueSpin_GPCC_OCTREE_r03_d200,1
16,FlowerDance_VPCC_r04_d200,3
16,CasualSquat_VPCC_raw_d200,3
16,ReadyForWinter_GPCC_OCTREE_r04_d200,2
16,ReadyForWinter_VPCC_raw_d200,3
16,CasualSquat_GPCC_TRISOUP_r02_d200,1
16,CasualSquat_GPCC_TRISOUP_r03_d200,3
16,CasualSquat_VPCC_r04_d200,4
16,CasualSquat_VPCC_r02_d200,2
16,BlueSpin_GPCC_OCTREE_r05_d200,4
16,ReadyForWinter_GPCC_TRISOUP_r02_d200,3
16,ReadyForWinter_GPCC_TRISOUP_r01_d200,1
16,ReadyForWinter_VPCC_r05_d200,4
16,FlowerDance_GPCC_OCTREE_r05_d200,4
16,BlueSpin_VPCC_r02_d200,2
16,CasualSquat_VPCC_r01_d200,2
16,FlowerDance_GPCC_TRISOUP_r02_d200,2
16,FlowerDance_VPCC_raw_d200,4
16,FlowerDance_VPCC_r05_d200,4
16,CasualSquat_GPCC_OCTREE_r05_d200,4
16,BlueSpin_GPCC_TRISOUP_r02_d200,2
16,ReadyForWinter_GPCC_OCTREE_r05_d200,4
16,ReadyForWinter_VPCC_r04_d200,4
16,BlueSpin_GPCC_OCTREE_r04_d200,2
16,CasualSquat_VPCC_r03_d200,3
16,BlueSpin_GPCC_TRISOUP_r01_d200,2
16,FlowerDance_GPCC_TRISOUP_r03_d200,3
16,FlowerDance_VPCC_r01_d200,1
16,BlueSpin_VPCC_raw_d200,5
16,CasualSquat_GPCC_OCTREE_r04_d200,2
16,BlueSpin_GPCC_TRISOUP_r03_d200,4
16,ReadyForWinter_GPCC_OCTREE_r03_d200,1
16,CasualSquat_GPCC_TRISOUP_r04_d200,3
16,CasualSquat_VPCC_r05_d200,5
16,FlowerDance_GPCC_OCTREE_r04_d200,1
16,BlueSpin_VPCC_r04_d200,1
16,FlowerDance_VPCC_r03_d200,2
17,FlowerDance_VPCC_r05_d200,3
17,ReadyForWinter_GPCC_OCTREE_r04_d200,1
17,FlowerDance_GPCC_TRISOUP_r01_d200,1
17,ReadyForWinter_VPCC_r05_d200,4
17,CasualSquat_GPCC_TRISOUP_r04_d200,4
17,FlowerDance_VPCC_r02_d200,2
17,CasualSquat_GPCC_TRISOUP_r03_d200,3
17,BlueSpin_GPCC_TRISOUP_r03_d200,3
17,FlowerDance_GPCC_OCTREE_r03_d200,1
17,FlowerDance_GPCC_TRISOUP_r02_d200,2
17,ReadyForWinter_GPCC_TRISOUP_r04_d200,3
17,ReadyForWinter_GPCC_TRISOUP_r01_d200,1
17,ReadyForWinter_VPCC_r03_d200,3
17,ReadyForWinter_VPCC_raw_d200,5
17,BlueSpin_GPCC_OCTREE_r04_d200,2
17,ReadyForWinter_GPCC_OCTREE_r05_d200,2
17,BlueSpin_VPCC_r02_d200,2
17,ReadyForWinter_VPCC_r01_d200,1
17,CasualSquat_VPCC_r04_d200,3
17,ReadyForWinter_GPCC_OCTREE_r03_d200,1
17,FlowerDance_VPCC_r01_d200,2
17,CasualSquat_VPCC_r03_d200,3
17,BlueSpin_VPCC_r01_d200,2
17,ReadyForWinter_VPCC_r04_d200,4
17,FlowerDance_VPCC_raw_d200,5
17,CasualSquat_VPCC_r05_d200,4
17,BlueSpin_GPCC_TRISOUP_r02_d200,3
17,FlowerDance_VPCC_r03_d200,3
17,ReadyForWinter_GPCC_TRISOUP_r03_d200,3
17,BlueSpin_GPCC_OCTREE_r05_d200,3
17,BlueSpin_GPCC_TRISOUP_r01_d200,2
17,BlueSpin_VPCC_r05_d200,3
17,FlowerDance_GPCC_TRISOUP_r04_d200,3
17,ReadyForWinter_GPCC_TRISOUP_r02_d200,3
17,BlueSpin_GPCC_TRISOUP_r04_d200,4
17,BlueSpin_VPCC_r03_d200,2
17,FlowerDance_GPCC_TRISOUP_r03_d200,3
17,FlowerDance_VPCC_r04_d200,3
17,BlueSpin_VPCC_r04_d200,3
17,BlueSpin_VPCC_raw_d200,4
17,CasualSquat_GPCC_TRISOUP_r02_d200,4
17,CasualSquat_GPCC_OCTREE_r05_d200,4
17,CasualSquat_VPCC_r02_d200,3
17,CasualSquat_VPCC_raw_d200,4
17,CasualSquat_GPCC_OCTREE_r04_d200,1
17,CasualSquat_GPCC_TRISOUP_r01_d200,1
17,CasualSquat_VPCC_r01_d200,1
17,FlowerDance_GPCC_OCTREE_r05_d200,3
17,BlueSpin_GPCC_OCTREE_r03_d200,1
17,CasualSquat_GPCC_OCTREE_r03_d200,1
17,ReadyForWinter_VPCC_r02_d200,2
17,FlowerDance_GPCC_OCTREE_r04_d200,2
18,BlueSpin_GPCC_OCTREE_r05_d200,4
18,CasualSquat_GPCC_OCTREE_r03_d200,1
18,FlowerDance_GPCC_TRISOUP_r02_d200,5
18,CasualSquat_VPCC_r04_d200,5
18,BlueSpin_GPCC_TRISOUP_r03_d200,4
18,ReadyForWinter_GPCC_TRISOUP_r02_d200,5
18,FlowerDance_GPCC_OCTREE_r03_d200,2
18,CasualSquat_VPCC_r05_d200,5
18,ReadyForWinter_GPCC_TRISOUP_r04_d200,5
18,FlowerDance_GPCC_TRISOUP_r01_d200,4
18,BlueSpin_VPCC_r02_d200,4
18,CasualSquat_GPCC_TRISOUP_r01_d200,3
18,BlueSpin_VPCC_r04_d200,4
18,BlueSpin_VPCC_r03_d200,5
18,BlueSpin_VPCC_raw_d200,5
18,ReadyForWinter_GPCC_OCTREE_r04_d200,3
18,BlueSpin_GPCC_OCTREE_r03_d200,1
18,ReadyForWinter_GPCC_TRISOUP_r03_d200,2
18,CasualSquat_GPCC_OCTREE_r04_d200,3
18,CasualSquat_VPCC_r03_d200,5
18,FlowerDance_VPCC_r02_d200,5
18,CasualSquat_GPCC_TRISOUP_r03_d200,5
18,ReadyForWinter_GPCC_TRISOUP_r01_d200,3
18,CasualSquat_VPCC_raw_d200,5
18,CasualSquat_VPCC_r01_d200,4
18,ReadyForWinter_VPCC_r04_d200,4
18,ReadyForWinter_VPCC_r03_d200,4
18,FlowerDance_VPCC_r05_d200,5
18,ReadyForWinter_VPCC_r02_d200,3
18,BlueSpin_VPCC_r05_d200,4
18,BlueSpin_GPCC_OCTREE_r04_d200,2
18,ReadyForWinter_VPCC_raw_d200,5
18,FlowerDance_VPCC_raw_d200,5
18,FlowerDance_GPCC_OCTREE_r04_d200,1
18,ReadyForWinter_GPCC_OCTREE_r03_d200,1
18,CasualSquat_GPCC_TRISOUP_r02_d200,4
18,CasualSquat_GPCC_TRISOUP_r04_d200,5
18,FlowerDance_VPCC_r03_d200,5
18,CasualSquat_VPCC_r02_d200,5
18,FlowerDance_VPCC_r04_d200,5
18,BlueSpin_GPCC_TRISOUP_r04_d200,5
18,FlowerDance_GPCC_OCTREE_r05_d200,5
18,ReadyForWinter_VPCC_r05_d200,4
18,CasualSquat_GPCC_OCTREE_r05_d200,4
18,ReadyForWinter_GPCC_OCTREE_r05_d200,3
18,BlueSpin_GPCC_TRISOUP_r02_d200,3
18,BlueSpin_VPCC_r01_d200,2
18,FlowerDance_VPCC_r01_d200,3
18,FlowerDance_GPCC_TRISOUP_r04_d200,5
18,FlowerDance_GPCC_TRISOUP_r03_d200,5
18,BlueSpin_GPCC_TRISOUP_r01_d200,2
18,ReadyForWinter_VPCC_r01_d200,2
19,BlueSpin_GPCC_OCTREE_r04_d200,3
19,FlowerDance_VPCC_r01_d200,2
19,ReadyForWinter_GPCC_OCTREE_r03_d200,2
19,ReadyForWinter_VPCC_r03_d200,4
19,FlowerDance_VPCC_r02_d200,3
19,ReadyForWinter_VPCC_r01_d200,3
19,CasualSquat_VPCC_r04_d200,5
19,ReadyForWinter_GPCC_TRISOUP_r02_d200,3
19,FlowerDance_GPCC_OCTREE_r03_d200,1
19,CasualSquat_GPCC_TRISOUP_r04_d200,5
19,FlowerDance_GPCC_OCTREE_r05_d200,5
19,CasualSquat_VPCC_r02_d200,3
19,ReadyForWinter_VPCC_r05_d200,5
19,FlowerDance_VPCC_r04_d200,5
19,CasualSquat_GPCC_TRISOUP_r03_d200,4
19,FlowerDance_GPCC_OCTREE_r04_d200,2
19,CasualSquat_GPCC_TRISOUP_r01_d200,1
19,BlueSpin_GPCC_OCTREE_r03_d200,3
19,ReadyForWinter_VPCC_raw_d200,5
19,FlowerDance_VPCC_r05_d200,4
19,ReadyForWinter_VPCC_r02_d200,2
19,CasualSquat_GPCC_OCTREE_r03_d200,1
19,FlowerDance_GPCC_TRISOUP_r01_d200,1
19,BlueSpin_GPCC_OCTREE_r05_d200,4
19,CasualSquat_VPCC_r05_d200,4
19,CasualSquat_GPCC_OCTREE_r04_d200,2
19,BlueSpin_VPCC_r01_d200,1
19,CasualSquat_VPCC_r01_d200,1
19,BlueSpin_VPCC_r05_d200,4
19,FlowerDance_VPCC_r03_d200,4
19,ReadyForWinter_GPCC_TRISOUP_r03_d200,4
19,ReadyForWinter_VPCC_r04_d200,4
19,ReadyForWinter_GPCC_TRISOUP_r04_d200,4
19,BlueSpin_GPCC_TRISOUP_r04_d200,5
19,BlueSpin_VPCC_r03_d200,3
19,FlowerDance_GPCC_TRISOUP_r03_d200,5
19,BlueSpin_GPCC_TRISOUP_r02_d200,4
19,ReadyForWinter_GPCC_OCTREE_r05_d200,5
19,CasualSquat_GPCC_TRISOUP_r02_d200,2
19,BlueSpin_VPCC_r04_d200,3
19,CasualSquat_GPCC_OCTREE_r05_d200,4
19,CasualSquat_VPCC_r03_d200,2
19,FlowerDance_GPCC_TRISOUP_r02_d200,2
19,FlowerDance_GPCC_TRISOUP_r04_d200,5
19,CasualSquat_VPCC_raw_d200,4
19,BlueSpin_GPCC_TRISOUP_r03_d200,4
19,BlueSpin_VPCC_raw_d200,5
19,BlueSpin_VPCC_r02_d200,2
19,FlowerDance_VPCC_raw_d200,3
19,ReadyForWinter_GPCC_TRISOUP_r01_d200,1
19,BlueSpin_GPCC_TRISOUP_r01_d200,1
19,ReadyForWinter_GPCC_OCTREE_r04_d200,3
20,CasualSquat_GPCC_OCTREE_r03_d200,2
20,BlueSpin_GPCC_TRISOUP_r03_d200,4
20,ReadyForWinter_GPCC_OCTREE_r04_d200,2
20,BlueSpin_GPCC_OCTREE_r04_d200,1
20,CasualSquat_VPCC_r04_d200,4
20,BlueSpin_GPCC_TRISOUP_r02_d200,3
20,CasualSquat_VPCC_r02_d200,3
20,FlowerDance_GPCC_TRISOUP_r03_d200,4
20,ReadyForWinter_VPCC_r02_d200,1
20,ReadyForWinter_VPCC_raw_d200,5
20,FlowerDance_GPCC_OCTREE_r03_d200,1
20,BlueSpin_VPCC_r02_d200,2
20,BlueSpin_VPCC_r03_d200,2
20,FlowerDance_VPCC_r05_d200,4
20,FlowerDance_VPCC_r01_d200,2
20,BlueSpin_VPCC_raw_d200,4
20,FlowerDance_VPCC_r03_d200,2
20,FlowerDance_GPCC_TRISOUP_r04_d200,4
20,CasualSquat_GPCC_OCTREE_r04_d200,1
20,BlueSpin_VPCC_r04_d200,3
20,FlowerDance_GPCC_TRISOUP_r02_d200,2
20,ReadyForWinter_VPCC_r01_d200,1
20,FlowerDance_VPCC_r02_d200,2
20,CasualSquat_VPCC_raw_d200,4
20,ReadyForWinter_VPCC_r05_d200,3
20,ReadyForWinter_GPCC_TRISOUP_r01_d200,1
20,FlowerDance_GPCC_OCTREE_r05_d200,4
20,CasualSquat_GPCC_TRISOUP_r01_d200,1
20,ReadyForWinter_GPCC_TRISOUP_r02_d200,2
20,CasualSquat_GPCC_OCTREE_r05_d200,4
20,BlueSpin_GPCC_TRISOUP_r04_d200,5
20,BlueSpin_GPCC_OCTREE_r05_d200,2
20,BlueSpin_GPCC_OCTREE_r03_d200,1
20,ReadyForWinter_GPCC_OCTREE_r05_d200,3
20,CasualSquat_GPCC_TRISOUP_r02_d200,2
20,BlueSpin_VPCC_r01_d200,1
20,ReadyForWinter_GPCC_TRISOUP_r03_d200,3
20,CasualSquat_GPCC_TRISOUP_r03_d200,3
20,CasualSquat_VPCC_r03_d200,2
20,FlowerDance_VPCC_r04_d200,4
20,ReadyForWinter_VPCC_r04_d200,4
20,ReadyForWinter_GPCC_TRISOUP_r04_d200,4
20,FlowerDance_GPCC_TRISOUP_r01_d200,1
20,FlowerDance_GPCC_OCTREE_r04_d200,2
20,CasualSquat_GPCC_TRISOUP_r04_d200,4
20,CasualSquat_VPCC_r01_d200,1
20,FlowerDance_VPCC_raw_d200,5
20,ReadyForWinter_VPCC_r03_d200,3
20,BlueSpin_VPCC_r05_d200,3
20,BlueSpin_GPCC_TRISOUP_r01_d200,1
20,ReadyForWinter_GPCC_OCTREE_r03_d200,1
20,CasualSquat_VPCC_r05_d200,4
21,BlueSpin_GPCC_OCTREE_r05_d200,4
21,FlowerDance_VPCC_r03_d200,3
21,CasualSquat_GPCC_OCTREE_r03_d200,1
21,CasualSquat_GPCC_OCTREE_r05_d200,2
21,FlowerDance_GPCC_OCTREE_r03_d200,1
21,FlowerDance_GPCC_OCTREE_r05_d200,4
21,BlueSpin_GPCC_OCTREE_r04_d200,2
21,FlowerDance_VPCC_r05_d200,5
21,ReadyForWinter_GPCC_OCTREE_r05_d200,5
21,FlowerDance_GPCC_TRISOUP_r02_d200,4
21,CasualSquat_GPCC_TRISOUP_r02_d200,4
21,BlueSpin_GPCC_TRISOUP_r02_d200,3
21,CasualSquat_VPCC_r01_d200,2
21,ReadyForWinter_GPCC_TRISOUP_r01_d200,1
21,BlueSpin_GPCC_TRISOUP_r01_d200,1
21,FlowerDance_VPCC_raw_d200,5
21,CasualSquat_GPCC_TRISOUP_r04_d200,4
21,ReadyForWinter_VPCC_r02_d200,4
21,FlowerDance_GPCC_TRISOUP_r04_d200,4
21,CasualSquat_VPCC_raw_d200,3
21,BlueSpin_GPCC_TRISOUP_r03_d200,3
21,FlowerDance_GPCC_OCTREE_r04_d200,2
21,CasualSquat_GPCC_OCTREE_r04_d200,2
21,ReadyForWinter_GPCC_OCTREE_r04_d200,1
21,CasualSquat_VPCC_r05_d200,5
21,BlueSpin_VPCC_r05_d200,3
21,CasualSquat_VPCC_r03_d200,3
21,FlowerDance_VPCC_r02_d200,3
21,ReadyForWinter_GPCC_OCTREE_r03_d200,1
21,ReadyForWinter_VPCC_raw_d200,3
21,BlueSpin_VPCC_r01_d200,2
21,CasualSquat_GPCC_TRISOUP_r03_d200,3
21,BlueSpin_VPCC_r02_d200,2
21,ReadyForWinter_GPCC_TRISOUP_r03_d200,3
21,FlowerDance_GPCC_TRISOUP_r01_d200,2
21,ReadyForWinter_GPCC_TRISOUP_r04_d200,3
21,BlueSpin_VPCC_raw_d200,4
21,CasualSquat_VPCC_r02_d200,3
21,BlueSpin_GPCC_TRISOUP_r04_d200,2
21,FlowerDance_GPCC_TRISOUP_r03_d200,2
21,CasualSquat_VPCC_r04_d200,2
21,ReadyForWinter_VPCC_r04_d200,3
21,ReadyForWinter_GPCC_TRISOUP_r02_d200,2
21,BlueSpin_GPCC_OCTREE_r03_d200,1
21,ReadyForWinter_VPCC_r03_d200,2
21,CasualSquat_GPCC_TRISOUP_r01_d200,2
21,BlueSpin_VPCC_r03_d200,3
21,FlowerDance_VPCC_r04_d200,4
21,ReadyForWinter_VPCC_r05_d200,4
21,ReadyForWinter_VPCC_r01_d200,3
21,FlowerDance_VPCC_r01_d200,2
21,BlueSpin_VPCC_r04_d200,3
22,FlowerDance_VPCC_r03_d200,2
22,CasualSquat_GPCC_OCTREE_r05_d200,3
22,CasualSquat_GPCC_TRISOUP_r02_d200,2
22,ReadyForWinter_GPCC_TRISOUP_r03_d200,3
22,ReadyForWinter_VPCC_raw_d200,4
22,CasualSquat_VPCC_r03_d200,1
22,BlueSpin_VPCC_r03_d200,2
22,ReadyForWinter_VPCC_r01_d200,1
22,BlueSpin_GPCC_TRISOUP_r03_d200,3
22,FlowerDance_VPCC_raw_d200,4
22,BlueSpin_VPCC_r02_d200,1
22,BlueSpin_GPCC_TRISOUP_r04_d200,2
22,CasualSquat_GPCC_OCTREE_r03_d200,4
22,FlowerDance_VPCC_r02_d200,2
22,FlowerDance_VPCC_r04_d200,3
22,CasualSquat_GPCC_OCTREE_r04_d200,4
22,FlowerDance_GPCC_TRISOUP_r01_d200,1
22,ReadyForWinter_GPCC_OCTREE_r03_d200,3
22,FlowerDance_GPCC_OCTREE_r05_d200,3
22,FlowerDance_VPCC_r05_d200,3
22,FlowerDance_GPCC_TRISOUP_r04_d200,3
22,BlueSpin_GPCC_OCTREE_r05_d200,3
22,BlueSpin_GPCC_TRISOUP_r02_d200,1
22,CasualSquat_GPCC_TRISOUP_r01_d200,1
22,CasualSquat_VPCC_r04_d200,2
22,ReadyForWinter_VPCC_r03_d200,2
22,BlueSpin_VPCC_r05_d200,3
22,BlueSpin_VPCC_r04_d200,3
22,CasualSquat_VPCC_r02_d200,1
22,CasualSquat_GPCC_TRISOUP_r04_d200,2
22,BlueSpin_GPCC_OCTREE_r03_d200,3
22,ReadyForWinter_GPCC_OCTREE_r05_d200,5
22,CasualSquat_VPCC_r05_d200,4
22,FlowerDance_VPCC_r01_d200,1
22,BlueSpin_GPCC_OCTREE_r04_d200,3
22,BlueSpin_VPCC_r01_d200,1
22,ReadyForWinter_GPCC_TRISOUP_r02_d200,2
22,ReadyForWinter_GPCC_OCTREE_r04_d200,4
22,FlowerDance_GPCC_OCTREE_r03_d200,3
22,ReadyForWinter_GPCC_TRISOUP_r01_d200,1
22,ReadyForWinter_VPCC_r04_d200,3
22,ReadyForWinter_VPCC_r02_d200,2
22,BlueSpin_GPCC_TRISOUP_r01_d200,1
22,FlowerDance_GPCC_TRISOUP_r03_d200,3
22,CasualSquat_GPCC_TRISOUP_r03_d200,3
22,CasualSquat_VPCC_raw_d200,4
22,FlowerDance_GPCC_OCTREE_r04_d200,4
22,FlowerDance_GPCC_TRISOUP_r02_d200,2
22,BlueSpin_VPCC_raw_d200,3
22,ReadyForWinter_GPCC_TRISOUP_r04_d200,4
22,ReadyForWinter_VPCC_r05_d200,3
22,CasualSquat_VPCC_r01_d200,1
23,BlueSpin_VPCC_raw_d200,3
23,FlowerDance_VPCC_raw_d200,3
23,CasualSquat_VPCC_r02_d200,2
23,FlowerDance_GPCC_TRISOUP_r04_d200,2
23,BlueSpin_VPCC_r03_d200,2
23,CasualSquat_GPCC_TRISOUP_r03_d200,3
23,BlueSpin_VPCC_r02_d200,2
23,FlowerDance_GPCC_OCTREE_r03_d200,3
23,FlowerDance_GPCC_OCTREE_r05_d200,4
23,BlueSpin_GPCC_OCTREE_r04_d200,3
23,CasualSquat_GPCC_OCTREE_r04_d200,3
23,ReadyForWinter_VPCC_r04_d200,3
23,CasualSquat_VPCC_r05_d200,3
23,ReadyForWinter_VPCC_raw_d200,4
23,ReadyForWinter_GPCC_TRISOUP_r02_d200,2
23,FlowerDance_VPCC_r02_d200,2
23,BlueSpin_VPCC_r05_d200,3
23,CasualSquat_GPCC_TRISOUP_r04_d200,3
23,ReadyForWinter_GPCC_OCTREE_r03_d200,3
23,BlueSpin_GPCC_OCTREE_r05_d200,3
23,CasualSquat_GPCC_OCTREE_r03_d200,2
23,BlueSpin_VPCC_r01_d200,1
23,ReadyForWinter_VPCC_r01_d200,2
23,FlowerDance_GPCC_TRISOUP_r01_d200,1
23,FlowerDance_VPCC_r05_d200,3
23,CasualSquat_GPCC_TRISOUP_r01_d200,1
23,ReadyForWinter_GPCC_TRISOUP_r01_d200,3
23,ReadyForWinter_GPCC_TRISOUP_r04_d200,3
23,FlowerDance_VPCC_r01_d200,1
23,FlowerDance_VPCC_r03_d200,3
23,FlowerDance_GPCC_TRISOUP_r03_d200,3
23,CasualSquat_VPCC_r03_d200,2
23,ReadyForWinter_GPCC_OCTREE_r05_d200,3
23,BlueSpin_GPCC_TRISOUP_r02_d200,2
23,ReadyForWinter_GPCC_TRISOUP_r03_d200,3
23,ReadyForWinter_VPCC_r03_d200,3
23,FlowerDance_GPCC_OCTREE_r04_d200,3
23,CasualSquat_VPCC_r04_d200,3
23,BlueSpin_GPCC_TRISOUP_r03_d200,4
23,CasualSquat_GPCC_TRISOUP_r02_d200,2
23,BlueSpin_GPCC_OCTREE_r03_d200,3
23,ReadyForWinter_VPCC_r02_d200,2
23,CasualSquat_GPCC_OCTREE_r05_d200,4
23,CasualSquat_VPCC_raw_d200,4
23,CasualSquat_VPCC_r01_d200,2
23,FlowerDance_GPCC_TRISOUP_r02_d200,2
23,ReadyForWinter_VPCC_r05_d200,4
23,BlueSpin_GPCC_TRISOUP_r04_d200,4
23,BlueSpin_VPCC_r04_d200,3
23,FlowerDance_VPCC_r04_d200,2
23,ReadyForWinter_GPCC_OCTREE_r04_d200,3
23,BlueSpin_GPCC_TRISOUP_r01_d200,1
24,ReadyForWinter_GPCC_OCTREE_r05_d200,3
24,BlueSpin_GPCC_TRISOUP_r03_d200,3
24,BlueSpin_GPCC_OCTREE_r03_d200,5
24,ReadyForWinter_GPCC_OCTREE_r03_d200,3
24,BlueSpin_GPCC_TRISOUP_r04_d200,5
24,BlueSpin_GPCC_TRISOUP_r02_d200,2
24,ReadyForWinter_GPCC_TRISOUP_r03_d200,3
24,CasualSquat_VPCC_raw_d200,5
24,CasualSquat_GPCC_TRISOUP_r01_d200,2
24,ReadyForWinter_VPCC_r04_d200,3
24,BlueSpin_VPCC_r01_d200,1
24,CasualSquat_VPCC_r04_d200,3
24,BlueSpin_GPCC_TRISOUP_r01_d200,1
24,CasualSquat_GPCC_TRISOUP_r03_d200,4
24,FlowerDance_GPCC_TRISOUP_r02_d200,4
24,BlueSpin_VPCC_raw_d200,5
24,FlowerDance_GPCC_OCTREE_r04_d200,5
24,ReadyForWinter_GPCC_TRISOUP_r02_d200,2
24,FlowerDance_VPCC_r04_d200,5
24,FlowerDance_GPCC_OCTREE_r03_d200,4
24,BlueSpin_VPCC_r02_d200,2
24,ReadyForWinter_GPCC_TRISOUP_r01_d200,1
24,BlueSpin_GPCC_OCTREE_r05_d200,4
24,CasualSquat_GPCC_OCTREE_r04_d200,4
24,CasualSquat_VPCC_r03_d200,4
24,CasualSquat_GPCC_TRISOUP_r02_d200,3
24,ReadyForWinter_VPCC_r03_d200,4
24,ReadyForWinter_VPCC_r05_d200,4
24,BlueSpin_VPCC_r04_d200,4
24,CasualSquat_GPCC_OCTREE_r05_d200,5
24,ReadyForWinter_GPCC_OCTREE_r04_d200,5
24,FlowerDance_GPCC_TRISOUP_r03_d200,3
24,FlowerDance_VPCC_raw_d200,5
24,BlueSpin_VPCC_r05_d200,5
24,FlowerDance_GPCC_OCTREE_r05_d200,4
24,ReadyForWinter_VPCC_r01_d200,1
24,CasualSquat_GPCC_TRISOUP_r04_d200,5
24,FlowerDance_VPCC_r03_d200,2
24,ReadyForWinter_VPCC_r02_d200,2
24,FlowerDance_VPCC_r02_d200,3
24,CasualSquat_VPCC_r02_d200,3
24,FlowerDance_VPCC_r01_d200,2
24,BlueSpin_VPCC_r03_d200,4
24,CasualSquat_VPCC_r01_d200,2
24,ReadyForWinter_GPCC_TRISOUP_r04_d200,5
24,FlowerDance_GPCC_TRISOUP_r04_d200,5
24,BlueSpin_GPCC_OCTREE_r04_d200,5
24,CasualSquat_GPCC_OCTREE_r03_d200,4
24,FlowerDance_VPCC_r05_d200,5
24,ReadyForWinter_VPCC_raw_d200,5
24,CasualSquat_VPCC_r05_d200,4
24,FlowerDance_GPCC_TRISOUP_r01_d200,1
25,CasualSquat_GPCC_OCTREE_r05_d200,4
25,ReadyForWinter_GPCC_TRISOUP_r04_d200,5
25,FlowerDance_GPCC_TRISOUP_r04_d200,4
25,FlowerDance_GPCC_OCTREE_r04_d200,2
25,CasualSquat_GPCC_TRISOUP_r02_d200,3
25,BlueSpin_GPCC_OCTREE_r04_d200,2
25,FlowerDance_GPCC_TRISOUP_r01_d200,1
25,ReadyForWinter_GPCC_TRISOUP_r02_d200,2
25,CasualSquat_VPCC_r03_d200,1
25,FlowerDance_GPCC_OCTREE_r03_d200,1
25,ReadyForWinter_VPCC_r03_d200,2
25,CasualSquat_GPCC_OCTREE_r04_d200,2
25,ReadyForWinter_GPCC_OCTREE_r03_d200,1
25,FlowerDance_VPCC_r02_d200,3
25,ReadyForWinter_GPCC_TRISOUP_r01_d200,2
25,CasualSquat_VPCC_raw_d200,5
25,ReadyForWinter_VPCC_r05_d200,5
25,BlueSpin_VPCC_r03_d200,3
25,BlueSpin_VPCC_raw_d200,5
25,ReadyForWinter_VPCC_r02_d200,2
25,BlueSpin_VPCC_r04_d200,4
25,CasualSquat_GPCC_TRISOUP_r03_d200,3
25,ReadyForWinter_GPCC_OCTREE_r04_d200,2
25,FlowerDance_VPCC_r01_d200,2
25,BlueSpin_GPCC_OCTREE_r03_d200,2
25,FlowerDance_VPCC_r05_d200,4
25,ReadyForWinter_VPCC_r04_d200,3
25,FlowerDance_GPCC_TRISOUP_r02_d200,2
25,FlowerDance_VPCC_raw_d200,5
25,BlueSpin_GPCC_TRISOUP_r02_d200,2
25,BlueSpin_GPCC_TRISOUP_r04_d200,3
25,ReadyForWinter_VPCC_r01_d200,2
25,BlueSpin_VPCC_r05_d200,3
25,CasualSquat_VPCC_r02_d200,2
25,CasualSquat_GPCC_OCTREE_r03_d200,1
25,ReadyForWinter_VPCC_raw_d200,4
25,BlueSpin_VPCC_r01_d200,1
25,FlowerDance_VPCC_r03_d200,2
25,CasualSquat_VPCC_r01_d200,2
25,BlueSpin_GPCC_TRISOUP_r01_d200,2
25,CasualSquat_GPCC_TRISOUP_r04_d200,3
25,CasualSquat_VPCC_r05_d200,3
25,CasualSquat_GPCC_TRISOUP_r01_d200,2
25,ReadyForWinter_GPCC_OCTREE_r05_d200,1
25,FlowerDance_VPCC_r04_d200,2
25,FlowerDance_GPCC_TRISOUP_r03_d200,3
25,BlueSpin_GPCC_OCTREE_r05_d200,1
25,FlowerDance_GPCC_OCTREE_r05_d200,3
25,ReadyForWinter_GPCC_TRISOUP_r03_d200,2
25,BlueSpin_VPCC_r02_d200,3
25,CasualSquat_VPCC_r04_d200,4
25,BlueSpin_GPCC_TRISOUP_r03_d200,3
26,BlueSpin_GPCC_TRISOUP_r04_d200,4
26,ReadyForWinter_VPCC_r04_d200,4
26,CasualSquat_GPCC_OCTREE_r03_d200,1
26,ReadyForWinter_VPCC_r03_d200,2
26,FlowerDance_VPCC_r05_d200,4
26,BlueSpin_VPCC_r05_d200,3
26,CasualSquat_GPCC_TRISOUP_r03_d200,4
26,FlowerDance_GPCC_TRISOUP_r04_d200,4
26,ReadyForWinter_VPCC_r01_d200,1
26,FlowerDance_GPCC_OCTREE_r05_d200,2
26,ReadyForWinter_GPCC_TRISOUP_r02_d200,2
26,CasualSquat_VPCC_r05_d200,3
26,FlowerDance_GPCC_OCTREE_r03_d200,1
26,FlowerDance_GPCC_TRISOUP_r02_d200,3
26,CasualSquat_GPCC_OCTREE_r04_d200,2
26,BlueSpin_VPCC_r04_d200,3
26,BlueSpin_GPCC_TRISOUP_r01_d200,1
26,FlowerDance_GPCC_TRISOUP_r01_d200,2
26,BlueSpin_VPCC_r01_d200,2
26,ReadyForWinter_GPCC_TRISOUP_r01_d200,2
26,CasualSquat_VPCC_r04_d200,3
26,FlowerDance_VPCC_r02_d200,3
26,CasualSquat_VPCC_raw_d200,4
26,ReadyForWinter_VPCC_r02_d200,2
26,BlueSpin_GPCC_OCTREE_r05_d200,3
26,BlueSpin_VPCC_r03_d200,3
26,FlowerDance_VPCC_raw_d200,4
26,CasualSquat_VPCC_r01_d200,2
26,BlueSpin_GPCC_OCTREE_r03_d200,1
26,ReadyForWinter_VPCC_raw_d200,3
26,BlueSpin_VPCC_raw_d200,4
26,ReadyForWinter_GPCC_OCTREE_r05_d200,2
26,ReadyForWinter_GPCC_TRISOUP_r04_d200,3
26,BlueSpin_GPCC_OCTREE_r04_d200,1
26,BlueSpin_GPCC_TRISOUP_r02_d200,2
26,ReadyForWinter_VPCC_r05_d200,3
26,ReadyForWinter_GPCC_OCTREE_r03_d200,1
26,CasualSquat_GPCC_TRISOUP_r01_d200,2
26,BlueSpin_VPCC_r02_d200,3
26,BlueSpin_GPCC_TRISOUP_r03_d200,3
26,FlowerDance_VPCC_r04_d200,4
26,CasualSquat_VPCC_r03_d200,3
26,CasualSquat_GPCC_OCTREE_r05_d200,3
26,FlowerDance_GPCC_TRISOUP_r03_d200,4
26,ReadyForWinter_GPCC_TRISOUP_r03_d200,3
26,ReadyForWinter_GPCC_OCTREE_r04_d200,1
26,CasualSquat_GPCC_TRISOUP_r04_d200,4
26,FlowerDance_GPCC_OCTREE_r04_d200,1
26,FlowerDance_VPCC_r03_d200,4
26,FlowerDance_VPCC_r01_d200,2
26,CasualSquat_GPCC_TRISOUP_r02_d200,4
26,CasualSquat_VPCC_r02_d200,3
27,FlowerDance_VPCC_r05_d200,3
27,FlowerDance_GPCC_TRISOUP_r01_d200,1
27,FlowerDance_VPCC_r04_d200,3
27,FlowerDance_VPCC_r02_d200,2
27,ReadyForWinter_VPCC_r04_d200,4
27,CasualSquat_VPCC_raw_d200,4
27,CasualSquat_VPCC_r03_d200,2
27,CasualSquat_VPCC_r05_d200,3
27,CasualSquat_VPCC_r01_d200,1
27,CasualSquat_GPCC_OCTREE_r03_d200,1
27,BlueSpin_GPCC_TRISOUP_r03_d200,3
27,BlueSpin_VPCC_r05_d200,4
27,BlueSpin_GPCC_TRISOUP_r02_d200,2
27,ReadyForWinter_VPCC_r01_d200,1
27,ReadyForWinter_VPCC_raw_d200,4
27,FlowerDance_VPCC_r01_d200,2
27,ReadyForWinter_GPCC_OCTREE_r05_d200,3
27,ReadyForWinter_VPCC_r02_d200,2
27,FlowerDance_GPCC_TRISOUP_r03_d200,2
27,CasualSquat_GPCC_TRISOUP_r01_d200,1
27,BlueSpin_GPCC_TRISOUP_r04_d200,4
27,CasualSquat_GPCC_TRISOUP_r03_d200,3
27,BlueSpin_VPCC_r02_d200,2
27,CasualSquat_GPCC_OCTREE_r05_d200,3
27,CasualSquat_GPCC_TRISOUP_r02_d200,2
27,CasualSquat_VPCC_r04_d200,4
27,ReadyForWinter_GPCC_TRISOUP_r02_d200,2
27,FlowerDance_GPCC_OCTREE_r03_d200,2
27,ReadyForWinter_GPCC_TRISOUP_r01_d200,1
27,FlowerDance_VPCC_r03_d200,3
27,FlowerDance_GPCC_TRISOUP_r02_d200,2
27,ReadyForWinter_GPCC_OCTREE_r04_d200,2
27,CasualSquat_VPCC_r02_d200,2
27,BlueSpin_GPCC_OCTREE_r04_d200,1
27,CasualSquat_GPCC_OCTREE_r04_d200,1
27,ReadyForWinter_GPCC_OCTREE_r03_d200,2
27,ReadyForWinter_VPCC_r05_d200,4
27,BlueSpin_GPCC_TRISOUP_r01_d200,1
27,FlowerDance_GPCC_OCTREE_r05_d200,4
27,BlueSpin_VPCC_r04_d200,3
27,ReadyForWinter_GPCC_TRISOUP_r03_d200,4
27,BlueSpin_GPCC_OCTREE_r05_d200,2
27,BlueSpin_VPCC_r01_d200,1
27,FlowerDance_GPCC_OCTREE_r04_d200,2
27,BlueSpin_VPCC_r03_d200,2
27,ReadyForWinter_VPCC_r03_d200,3
27,ReadyForWinter_GPCC_TRISOUP_r04_d200,5
27,BlueSpin_VPCC_raw_d200,4
27,BlueSpin_GPCC_OCTREE_r03_d200,1
27,CasualSquat_GPCC_TRISOUP_r04_d200,2
27,FlowerDance_GPCC_TRISOUP_r04_d200,4
27,FlowerDance_VPCC_raw_d200,4
28,ReadyForWinter_VPCC_r03_d200,3
28,ReadyForWinter_VPCC_raw_d200,4
28,CasualSquat_GPCC_TRISOUP_r04_d200,4
28,BlueSpin_VPCC_r01_d200,2
28,BlueSpin_VPCC_r05_d200,3
28,BlueSpin_GPCC_OCTREE_r03_d200,1
28,CasualSquat_VPCC_r01_d200,2
28,ReadyForWinter_VPCC_r04_d200,3
28,CasualSquat_VPCC_r03_d200,3
28,CasualSquat_GPCC_TRISOUP_r03_d200,4
28,ReadyForWinter_GPCC_OCTREE_r05_d200,3
28,ReadyForWinter_GPCC_TRISOUP_r02_d200,3
28,FlowerDance_GPCC_OCTREE_r05_d200,3
28,BlueSpin_GPCC_OCTREE_r04_d200,2
28,FlowerDance_VPCC_r03_d200,2
28,BlueSpin_VPCC_raw_d200,4
28,CasualSquat_GPCC_OCTREE_r04_d200,1
28,ReadyForWinter_GPCC_OCTREE_r03_d200,1
28,FlowerDance_VPCC_raw_d200,4
28,BlueSpin_GPCC_TRISOUP_r02_d200,3
28,FlowerDance_GPCC_OCTREE_r04_d200,2
28,ReadyForWinter_VPCC_r02_d200,3
28,CasualSquat_VPCC_raw_d200,4
28,BlueSpin_VPCC_r02_d200,2
28,ReadyForWinter_GPCC_TRISOUP_r01_d200,2
28,FlowerDance_GPCC_TRISOUP_r03_d200,3
28,BlueSpin_GPCC_OCTREE_r05_d200,3
28,FlowerDance_GPCC_OCTREE_r03_d200,1
28,ReadyForWinter_VPCC_r01_d200,2
28,BlueSpin_VPCC_r04_d200,4
28,BlueSpin_VPCC_r03_d200,3
28,BlueSpin_GPCC_TRISOUP_r04_d200,4
28,BlueSpin_GPCC_TRISOUP_r03_d200,3
28,CasualSquat_VPCC_r04_d200,3
28,FlowerDance_GPCC_TRISOUP_r02_d200,3
28,CasualSquat_GPCC_OCTREE_r03_d200,1
28,FlowerDance_GPCC_TRISOUP_r04_d200,4
28,BlueSpin_GPCC_TRISOUP_r01_d200,2
28,CasualSquat_GPCC_TRISOUP_r02_d200,3
28,ReadyForWinter_VPCC_r05_d200,4
28,CasualSquat_VPCC_r02_d200,3
28,ReadyForWinter_GPCC_OCTREE_r04_d200,2
28,CasualSquat_GPCC_OCTREE_r05_d200,4
28,FlowerDance_VPCC_r04_d200,4
28,ReadyForWinter_GPCC_TRISOUP_r03_d200,4
28,FlowerDance_GPCC_TRISOUP_r01_d200,3
28,ReadyForWinter_GPCC_TRISOUP_r04_d200,3
28,FlowerDance_VPCC_r02_d200,3
28,CasualSquat_GPCC_TRISOUP_r01_d200,2
28,FlowerDance_VPCC_r01_d200,3
28,FlowerDance_VPCC_r05_d200,4
28,CasualSquat_VPCC_r05_d200,5
29,ReadyForWinter_VPCC_r01_d200,2
29,FlowerDance_GPCC_TRISOUP_r03_d200,3
29,FlowerDance_VPCC_r01_d200,2
29,CasualSquat_GPCC_TRISOUP_r04_d200,3
29,CasualSquat_GPCC_TRISOUP_r03_d200,2
29,CasualSquat_VPCC_r05_d200,3
29,BlueSpin_GPCC_TRISOUP_r03_d200,3
29,CasualSquat_VPCC_r02_d200,2
29,BlueSpin_VPCC_r01_d200,2
29,FlowerDance_VPCC_r03_d200,3
29,BlueSpin_VPCC_raw_d200,4
29,BlueSpin_VPCC_r03_d200,3
29,BlueSpin_GPCC_TRISOUP_r01_d200,1
29,ReadyForWinter_GPCC_TRISOUP_r03_d200,3
29,ReadyForWinter_VPCC_r02_d200,1
29,ReadyForWinter_GPCC_TRISOUP_r02_d200,1
29,ReadyForWinter_VPCC_r05_d200,4
29,CasualSquat_VPCC_r04_d200,3
29,ReadyForWinter_GPCC_OCTREE_r05_d200,2
29,CasualSquat_VPCC_raw_d200,3
29,FlowerDance_GPCC_OCTREE_r05_d200,3
29,CasualSquat_GPCC_OCTREE_r05_d200,3
29,ReadyForWinter_GPCC_TRISOUP_r04_d200,4
29,BlueSpin_GPCC_OCTREE_r04_d200,1
29,FlowerDance_GPCC_TRISOUP_r04_d200,4
29,CasualSquat_GPCC_TRISOUP_r01_d200,1
29,ReadyForWinter_GPCC_OCTREE_r04_d200,1
29,BlueSpin_VPCC_r05_d200,3
29,BlueSpin_VPCC_r04_d200,3
29,ReadyForWinter_VPCC_raw_d200,4
29,BlueSpin_VPCC_r02_d200,2
29,ReadyForWinter_GPCC_TRISOUP_r01_d200,1
29,FlowerDance_GPCC_TRISOUP_r02_d200,2
29,CasualSquat_GPCC_TRISOUP_r02_d200,2
29,FlowerDance_GPCC_OCTREE_r04_d200,1
29,FlowerDance_GPCC_TRISOUP_r01_d200,1
29,FlowerDance_VPCC_r04_d200,3
29,ReadyForWinter_VPCC_r03_d200,3
29,ReadyForWinter_GPCC_OCTREE_r03_d200,1
29,FlowerDance_VPCC_raw_d200,4
29,ReadyForWinter_VPCC_r04_d200,3
29,BlueSpin_GPCC_OCTREE_r05_d200,2
29,FlowerDance_VPCC_r05_d200,4
29,FlowerDance_GPCC_OCTREE_r03_d200,1
29,FlowerDance_VPCC_r02_d200,2
29,CasualSquat_VPCC_r03_d200,2
29,BlueSpin_GPCC_OCTREE_r03_d200,1
29,BlueSpin_GPCC_TRISOUP_r04_d200,3
29,CasualSquat_GPCC_OCTREE_r03_d200,1
29,BlueSpin_GPCC_TRISOUP_r02_d200,2
29,CasualSquat_VPCC_r01_d200,2
29,CasualSquat_GPCC_OCTREE_r04_d200,1
30,CasualSquat_GPCC_OCTREE_r03_d200,1
30,BlueSpin_GPCC_OCTREE_r05_d200,3
30,FlowerDance_VPCC_r01_d200,2
30,CasualSquat_GPCC_TRISOUP_r02_d200,3
30,FlowerDance_GPCC_TRISOUP_r04_d200,4
30,FlowerDance_GPCC_OCTREE_r03_d200,1
30,ReadyForWinter_GPCC_TRISOUP_r02_d200,3
30,CasualSquat_GPCC_OCTREE_r04_d200,2
30,CasualSquat_GPCC_TRISOUP_r03_d200,5
30,ReadyForWinter_VPCC_r02_d200,2
30,CasualSquat_VPCC_r03_d200,4
30,FlowerDance_VPCC_r05_d200,4
30,BlueSpin_GPCC_TRISOUP_r03_d200,3
30,BlueSpin_VPCC_r05_d200,4
30,BlueSpin_VPCC_r03_d200,2
30,FlowerDance_VPCC_r04_d200,4
30,BlueSpin_VPCC_r01_d200,2
30,ReadyForWinter_GPCC_TRISOUP_r01_d200,1
30,BlueSpin_VPCC_r02_d200,3
30,FlowerDance_GPCC_TRISOUP_r02_d200,3
30,ReadyForWinter_GPCC_TRISOUP_r04_d200,4
30,ReadyForWinter_GPCC_OCTREE_r04_d200,2
30,BlueSpin_GPCC_OCTREE_r03_d200,1
30,CasualSquat_GPCC_TRISOUP_r01_d200,2
30,ReadyForWinter_GPCC_OCTREE_r03_d200,1
30,CasualSquat_VPCC_r04_d200,5
30,FlowerDance_VPCC_raw_d200,5
30,BlueSpin_GPCC_TRISOUP_r02_d200,3
30,CasualSquat_VPCC_r02_d200,4
30,ReadyForWinter_VPCC_r05_d200,4
30,CasualSquat_GPCC_TRISOUP_r04_d200,4
30,FlowerDance_GPCC_TRISOUP_r01_d200,2
30,ReadyForWinter_VPCC_r03_d200,3
30,ReadyForWinter_GPCC_TRISOUP_r03_d200,4
30,CasualSquat_VPCC_raw_d200,4
30,CasualSquat_GPCC_OCTREE_r05_d200,4
30,ReadyForWinter_VPCC_r01_d200,2
30,BlueSpin_GPCC_TRISOUP_r04_d200,5
30,BlueSpin_VPCC_raw_d200,5
30,BlueSpin_GPCC_OCTREE_r04_d200,1
30,FlowerDance_GPCC_OCTREE_r05_d200,3
30,ReadyForWinter_VPCC_raw_d200,4
30,FlowerDance_VPCC_r02_d200,2
30,FlowerDance_GPCC_OCTREE_r04_d200,1
30,BlueSpin_GPCC_TRISOUP_r01_d200,2
30,FlowerDance_VPCC_r03_d200,4
30,BlueSpin_VPCC_r04_d200,4
30,CasualSquat_VPCC_r01_d200,3
30,ReadyForWinter_VPCC_r04_d200,3
30,ReadyForWinter_GPCC_OCTREE_r05_d200,4
30,FlowerDance_GPCC_TRISOUP_r03_d200,4
30,CasualSquat_VPCC_r05_d200,4
31,ReadyForWinter_VPCC_r05_d200,3
31,FlowerDance_GPCC_TRISOUP_r01_d200,1
31,ReadyForWinter_GPCC_TRISOUP_r04_d200,2
31,ReadyForWinter_GPCC_TRISOUP_r03_d200,2
31,CasualSquat_GPCC_OCTREE_r04_d200,3
31,ReadyForWinter_VPCC_r04_d200,3
31,CasualSquat_GPCC_TRISOUP_r03_d200,3
31,BlueSpin_VPCC_r02_d200,1
31,ReadyForWinter_GPCC_TRISOUP_r02_d200,1
31,BlueSpin_GPCC_OCTREE_r04_d200,1
31,FlowerDance_VPCC_r05_d200,3
31,BlueSpin_GPCC_TRISOUP_r02_d200,1
31,BlueSpin_GPCC_TRISOUP_r04_d200,3
31,ReadyForWinter_GPCC_OCTREE_r03_d200,1
31,ReadyForWinter_GPCC_OCTREE_r05_d200,2
31,CasualSquat_VPCC_raw_d200,4
31,ReadyForWinter_GPCC_TRISOUP_r01_d200,1
31,BlueSpin_VPCC_r05_d200,2
31,BlueSpin_VPCC_r04_d200,3
31,FlowerDance_VPCC_r04_d200,2
31,CasualSquat_GPCC_TRISOUP_r04_d200,2
31,FlowerDance_VPCC_r02_d200,1
31,FlowerDance_GPCC_TRISOUP_r04_d200,2
31,ReadyForWinter_VPCC_r01_d200,1
31,FlowerDance_VPCC_r01_d200,1
31,ReadyForWinter_VPCC_r03_d200,2
31,CasualSquat_VPCC_r03_d200,1
31,CasualSquat_GPCC_TRISOUP_r02_d200,1
31,BlueSpin_GPCC_OCTREE_r03_d200,1
31,BlueSpin_VPCC_r03_d200,2
31,FlowerDance_VPCC_raw_d200,4
31,CasualSquat_VPCC_r02_d200,2
31,FlowerDance_GPCC_OCTREE_r05_d200,2
31,BlueSpin_VPCC_r01_d200,1
31,CasualSquat_GPCC_OCTREE_r03_d200,1
31,CasualSquat_VPCC_r01_d200,1
31,CasualSquat_GPCC_OCTREE_r05_d200,3
31,ReadyForWinter_VPCC_raw_d200,3
31,FlowerDance_GPCC_TRISOUP_r03_d200,2
31,FlowerDance_GPCC_TRISOUP_r02_d200,1
31,BlueSpin_GPCC_TRISOUP_r03_d200,2
31,FlowerDance_GPCC_OCTREE_r04_d200,1
31,BlueSpin_GPCC_OCTREE_r05_d200,1
31,ReadyForWinter_GPCC_OCTREE_r04_d200,1
31,FlowerDance_GPCC_OCTREE_r03_d200,1
31,BlueSpin_VPCC_raw_d200,3
31,CasualSquat_VPCC_r05_d200,2
31,BlueSpin_GPCC_TRISOUP_r01_d200,1
31,ReadyForWinter_VPCC_r02_d200,1
31,CasualSquat_VPCC_r04_d200,3
31,FlowerDance_VPCC_r03_d200,2
31,CasualSquat_GPCC_TRISOUP_r01_d200,1
32,FlowerDance_VPCC_r04_d200,4
32,ReadyForWinter_VPCC_r01_d200,2
32,FlowerDance_GPCC_TRISOUP_r03_d200,4
32,BlueSpin_GPCC_OCTREE_r03_d200,2
32,CasualSquat_GPCC_TRISOUP_r01_d200,2
32,FlowerDance_VPCC_r02_d200,3
32,FlowerDance_GPCC_TRISOUP_r04_d200,4
32,FlowerDance_GPCC_TRISOUP_r02_d200,3
32,BlueSpin_VPCC_raw_d200,4
32,ReadyForWinter_VPCC_r02_d200,2
32,BlueSpin_GPCC_OCTREE_r05_d200,4
32,CasualSquat_VPCC_r02_d200,3
32,FlowerDance_VPCC_raw_d200,4
32,CasualSquat_GPCC_TRISOUP_r03_d200,3
32,BlueSpin_GPCC_TRISOUP_r04_d200,4
32,CasualSquat_VPCC_raw_d200,4
32,BlueSpin_GPCC_OCTREE_r04_d200,3
32,BlueSpin_GPCC_TRISOUP_r01_d200,1
32,BlueSpin_VPCC_r02_d200,2
32,FlowerDance_VPCC_r03_d200,3
32,ReadyForWinter_GPCC_TRISOUP_r04_d200,4
32,BlueSpin_GPCC_TRISOUP_r03_d200,3
32,ReadyForWinter_VPCC_r05_d200,4
32,BlueSpin_VPCC_r04_d200,4
32,ReadyForWinter_VPCC_r04_d200,4
32,ReadyForWinter_VPCC_r03_d200,3
32,CasualSquat_GPCC_OCTREE_r05_d200,4
32,FlowerDance_GPCC_OCTREE_r04_d200,3
32,ReadyForWinter_GPCC_OCTREE_r05_d200,4
32,ReadyForWinter_GPCC_TRISOUP_r02_d200,3
32,FlowerDance_GPCC_OCTREE_r05_d200,3
32,CasualSquat_GPCC_OCTREE_r04_d200,3
32,FlowerDance_VPCC_r01_d200,2
32,CasualSquat_VPCC_r04_d200,3
32,CasualSquat_GPCC_OCTREE_r03_d200,2
32,FlowerDance_GPCC_TRISOUP_r01_d200,1
32,CasualSquat_GPCC_TRISOUP_r04_d200,3
32,ReadyForWinter_GPCC_TRISOUP_r01_d200,2
32,BlueSpin_VPCC_r01_d200,2
32,ReadyForWinter_GPCC_OCTREE_r04_d200,4
32,ReadyForWinter_VPCC_raw_d200,5
32,BlueSpin_VPCC_r05_d200,3
32,BlueSpin_GPCC_TRISOUP_r02_d200,2
32,ReadyForWinter_GPCC_TRISOUP_r03_d200,4
32,FlowerDance_GPCC_OCTREE_r03_d200,1
32,FlowerDance_VPCC_r05_d200,4
32,CasualSquat_VPCC_r03_d200,3
32,CasualSquat_VPCC_r05_d200,3
32,CasualSquat_VPCC_r01_d200,2
32,ReadyForWinter_GPCC_OCTREE_r03_d200,3
32,BlueSpin_VPCC_r03_d200,3
32,CasualSquat_GPCC_TRISOUP_r02_d200,3
33,FlowerDance_VPCC_r05_d200,4
33,BlueSpin_VPCC_r03_d200,3
33,CasualSquat_VPCC_raw_d200,4
33,ReadyForWinter_VPCC_r04_d200,3
33,CasualSquat_VPCC_r02_d200,2
33,ReadyForWinter_GPCC_TRISOUP_r03_d200,3
33,BlueSpin_VPCC_r05_d200,3
33,CasualSquat_VPCC_r05_d200,5
33,FlowerDance_VPCC_r01_d200,1
33,ReadyForWinter_VPCC_r05_d200,3
33,FlowerDance_GPCC_TRISOUP_r03_d200,4
33,BlueSpin_VPCC_r04_d200,3
33,FlowerDance_VPCC_raw_d200,5
33,FlowerDance_GPCC_TRISOUP_r02_d200,2
33,BlueSpin_VPCC_raw_d200,4
33,FlowerDance_GPCC_TRISOUP_r04_d200,3
33,BlueSpin_GPCC_TRISOUP_r03_d200,2
33,FlowerDance_GPCC_TRISOUP_r01_d200,2
33,BlueSpin_GPCC_OCTREE_r03_d200,1
33,CasualSquat_GPCC_OCTREE_r05_d200,2
33,ReadyForWinter_VPCC_r02_d200,2
33,CasualSquat_VPCC_r03_d200,3
33,CasualSquat_GPCC_TRISOUP_r01_d200,1
33,FlowerDance_GPCC_OCTREE_r04_d200,1
33,BlueSpin_GPCC_TRISOUP_r01_d200,2
33,ReadyForWinter_GPCC_OCTREE_r05_d200,2
33,CasualSquat_GPCC_TRISOUP_r03_d200,3
33,ReadyForWinter_VPCC_raw_d200,5
33,CasualSquat_GPCC_OCTREE_r03_d200,1
33,BlueSpin_GPCC_OCTREE_r05_d200,2
33,CasualSquat_GPCC_TRISOUP_r04_d200,4
33,FlowerDance_GPCC_OCTREE_r05_d200,3
33,BlueSpin_VPCC_r02_d200,2
33,FlowerDance_GPCC_OCTREE_r03_d200,1
33,CasualSquat_GPCC_OCTREE_r04_d200,2
33,BlueSpin_GPCC_OCTREE_r04_d200,1
33,FlowerDance_VPCC_r02_d200,2
33,FlowerDance_VPCC_r03_d200,3
33,ReadyForWinter_GPCC_TRISOUP_r04_d200,4
33,BlueSpin_GPCC_TRISOUP_r04_d200,4
33,ReadyForWinter_VPCC_r03_d200,2
33,ReadyForWinter_GPCC_TRISOUP_r02_d200,2
33,CasualSquat_VPCC_r01_d200,3
33,BlueSpin_VPCC_r01_d200,2
33,CasualSquat_GPCC_TRISOUP_r02_d200,3
33,CasualSquat_VPCC_r04_d200,4
33,BlueSpin_GPCC_TRISOUP_r02_d200,3
33,ReadyForWinter_GPCC_OCTREE_r03_d200,1
33,ReadyForWinter_VPCC_r01_d200,2
33,ReadyForWinter_GPCC_OCTREE_r04_d200,4
33,ReadyForWinter_GPCC_TRISOUP_r01_d200,1
33,FlowerDance_VPCC_r04_d200,4
34,FlowerDance_VPCC_r04_d200,3
34,ReadyForWinter_GPCC_TRISOUP_r02_d200,2
34,BlueSpin_VPCC_r01_d200,1
34,FlowerDance_GPCC_TRISOUP_r04_d200,4
34,ReadyForWinter_VPCC_raw_d200,4
34,BlueSpin_VPCC_r03_d200,1
34,FlowerDance_VPCC_raw_d200,4
34,ReadyForWinter_GPCC_OCTREE_r05_d200,3
34,FlowerDance_GPCC_OCTREE_r05_d200,2
34,ReadyForWinter_VPCC_r03_d200,1
34,FlowerDance_VPCC_r03_d200,2
34,FlowerDance_VPCC_r05_d200,3
34,FlowerDance_GPCC_OCTREE_r03_d200,1
34,BlueSpin_VPCC_raw_d200,3
34,ReadyForWinter_GPCC_OCTREE_r04_d200,1
34,CasualSquat_VPCC_r05_d200,3
34,ReadyForWinter_GPCC_OCTREE_r03_d200,1
34,CasualSquat_GPCC_TRISOUP_r01_d200,1
34,ReadyForWinter_VPCC_r01_d200,1
34,FlowerDance_GPCC_TRISOUP_r01_d200,1
34,ReadyForWinter_VPCC_r02_d200,2
34,FlowerDance_GPCC_TRISOUP_r03_d200,4
34,CasualSquat_VPCC_r02_d200,3
34,BlueSpin_GPCC_OCTREE_r05_d200,2
34,BlueSpin_GPCC_OCTREE_r03_d200,1
34,BlueSpin_GPCC_TRISOUP_r01_d200,1
34,BlueSpin_GPCC_OCTREE_r04_d200,1
34,CasualSquat_GPCC_OCTREE_r04_d200,2
34,CasualSquat_VPCC_raw_d200,3
34,FlowerDance_GPCC_OCTREE_r04_d200,1
34,ReadyForWinter_GPCC_TRISOUP_r03_d200,3
34,FlowerDance_GPCC_TRISOUP_r02_d200,2
34,BlueSpin_GPCC_TRISOUP_r04_d200,2
34,CasualSquat_VPCC_r04_d200,3
34,CasualSquat_GPCC_TRISOUP_r03_d200,3
34,FlowerDance_VPCC_r01_d200,2
34,BlueSpin_VPCC_r02_d200,2
34,ReadyForWinter_GPCC_TRISOUP_r04_d200,3
34,CasualSquat_GPCC_TRISOUP_r04_d200,4
34,BlueSpin_VPCC_r05_d200,2
34,CasualSquat_GPCC_OCTREE_r03_d200,1
34,CasualSquat_GPCC_OCTREE_r05_d200,3
34,FlowerDance_VPCC_r02_d200,3
34,ReadyForWinter_VPCC_r05_d200,4
34,CasualSquat_GPCC_TRISOUP_r02_d200,2
34,ReadyForWinter_GPCC_TRISOUP_r01_d200,1
34,CasualSquat_VPCC_r03_d200,3
34,BlueSpin_GPCC_TRISOUP_r03_d200,2
34,ReadyForWinter_VPCC_r04_d200,3
34,BlueSpin_VPCC_r04_d200,2
34,BlueSpin_GPCC_TRISOUP_r02_d200,1
34,CasualSquat_VPCC_r01_d200,3
35,BlueSpin_GPCC_OCTREE_r04_d200,4
35,BlueSpin_GPCC_OCTREE_r03_d200,2
35,ReadyForWinter_GPCC_TRISOUP_r02_d200,3
35,CasualSquat_GPCC_TRISOUP_r04_d200,4
35,ReadyForWinter_GPCC_OCTREE_r03_d200,1
35,ReadyForWinter_VPCC_r01_d200,2
35,BlueSpin_GPCC_TRISOUP_r01_d200,2
35,FlowerDance_VPCC_raw_d200,3
35,CasualSquat_VPCC_r05_d200,5
35,FlowerDance_GPCC_TRISOUP_r02_d200,5
35,ReadyForWinter_GPCC_OCTREE_r05_d200,1
35,BlueSpin_VPCC_raw_d200,5
35,CasualSquat_GPCC_OCTREE_r03_d200,1
35,FlowerDance_GPCC_OCTREE_r03_d200,1
35,ReadyForWinter_VPCC_r03_d200,3
35,CasualSquat_VPCC_r02_d200,3
35,CasualSquat_GPCC_OCTREE_r05_d200,4
35,BlueSpin_VPCC_r02_d200,2
35,FlowerDance_VPCC_r02_d200,2
35,ReadyForWinter_VPCC_r04_d200,5
35,CasualSquat_VPCC_raw_d200,5
35,CasualSquat_GPCC_OCTREE_r04_d200,2
35,BlueSpin_VPCC_r05_d200,3
35,FlowerDance_VPCC_r05_d200,5
35,CasualSquat_GPCC_TRISOUP_r02_d200,4
35,FlowerDance_GPCC_TRISOUP_r04_d200,5
35,CasualSquat_VPCC_r03_d200,5
35,BlueSpin_VPCC_r04_d200,3
35,FlowerDance_VPCC_r04_d200,3
35,BlueSpin_GPCC_TRISOUP_r02_d200,2
35,FlowerDance_VPCC_r03_d200,5
35,ReadyForWinter_GPCC_TRISOUP_r04_d200,5
35,BlueSpin_VPCC_r03_d200,3
35,ReadyForWinter_GPCC_TRISOUP_r03_d200,2
35,CasualSquat_VPCC_r01_d200,1
35,ReadyForWinter_GPCC_TRISOUP_r01_d200,1
35,FlowerDance_GPCC_OCTREE_r04_d200,1
35,CasualSquat_VPCC_r04_d200,4
35,BlueSpin_GPCC_TRISOUP_r04_d200,2
35,ReadyForWinter_GPCC_OCTREE_r04_d200,1
35,FlowerDance_GPCC_TRISOUP_r03_d200,5
35,ReadyForWinter_VPCC_r02_d200,2
35,CasualSquat_GPCC_TRISOUP_r01_d200,2
35,CasualSquat_GPCC_TRISOUP_r03_d200,5
35,BlueSpin_GPCC_OCTREE_r05_d200,1
35,FlowerDance_VPCC_r01_d200,3
35,ReadyForWinter_VPCC_raw_d200,5
35,ReadyForWinter_VPCC_r05_d200,1
35,FlowerDance_GPCC_OCTREE_r05_d200,5
35,BlueSpin_GPCC_TRISOUP_r03_d200,2
35,BlueSpin_VPCC_r01_d200,1
35,FlowerDance_GPCC_TRISOUP_r01_d200,1
36,BlueSpin_GPCC_TRISOUP_r01_d200,2
36,FlowerDance_GPCC_TRISOUP_r01_d200,2
36,CasualSquat_VPCC_r04_d200,3
36,CasualSquat_VPCC_r01_d200,1
36,CasualSquat_GPCC_TRISOUP_r01_d200,1
36,BlueSpin_VPCC_r04_d200,3
36,BlueSpin_VPCC_r03_d200,3
36,ReadyForWinter_VPCC_r01_d200,2
36,ReadyForWinter_GPCC_TRISOUP_r02_d200,2
36,CasualSquat_GPCC_TRISOUP_r03_d200,4
36,FlowerDance_GPCC_OCTREE_r03_d200,1
36,BlueSpin_VPCC_raw_d200,4
36,FlowerDance_VPCC_raw_d200,4
36,FlowerDance_GPCC_TRISOUP_r02_d200,2
36,FlowerDance_GPCC_OCTREE_r04_d200,2
36,BlueSpin_GPCC_TRISOUP_r03_d200,3
36,CasualSquat_GPCC_TRISOUP_r04_d200,3
36,ReadyForWinter_VPCC_r04_d200,2
36,BlueSpin_VPCC_r01_d200,1
36,FlowerDance_VPCC_r04_d200,2
36,ReadyForWinter_VPCC_r02_d200,1
36,CasualSquat_GPCC_OCTREE_r05_d200,3
36,FlowerDance_VPCC_r03_d200,2
36,BlueSpin_VPCC_r05_d200,4
36,FlowerDance_GPCC_TRISOUP_r03_d200,3
36,BlueSpin_GPCC_OCTREE_r03_d200,1
36,ReadyForWinter_GPCC_OCTREE_r03_d200,2
36,BlueSpin_GPCC_OCTREE_r05_d200,2
36,CasualSquat_VPCC_r05_d200,3
36,FlowerDance_VPCC_r01_d200,1
36,ReadyForWinter_GPCC_OCTREE_r04_d200,1
36,BlueSpin_GPCC_TRISOUP_r02_d200,2
36,BlueSpin_GPCC_OCTREE_r04_d200,2
36,ReadyForWinter_VPCC_raw_d200,1
36,ReadyForWinter_VPCC_r05_d200,2
36,ReadyForWinter_GPCC_TRISOUP_r01_d200,1
36,ReadyForWinter_GPCC_TRISOUP_r03_d200,2
36,CasualSquat_VPCC_raw_d200,3
36,FlowerDance_VPCC_r02_d200,1
36,CasualSquat_VPCC_r03_d200,2
36,FlowerDance_GPCC_OCTREE_r05_d200,3
36,ReadyForWinter_GPCC_OCTREE_r05_d200,2
36,BlueSpin_GPCC_TRISOUP_r04_d200,3
36,FlowerDance_VPCC_r05_d200,3
36,BlueSpin_VPCC_r02_d200,1
36,ReadyForWinter_GPCC_TRISOUP_r04_d200,3
36,CasualSquat_VPCC_r02_d200,2
36,CasualSquat_GPCC_OCTREE_r04_d200,2
36,ReadyForWinter_VPCC_r03_d200,2
36,FlowerDance_GPCC_TRISOUP_r04_d200,3
36,CasualSquat_GPCC_TRISOUP_r02_d200,1
36,CasualSquat_GPCC_OCTREE_r03_d200,2
37,BlueSpin_GPCC_TRISOUP_r02_d200,4
37,ReadyForWinter_GPCC_TRISOUP_r01_d200,2
37,BlueSpin_VPCC_r01_d200,3
37,ReadyForWinter_VPCC_r02_d200,4
37,ReadyForWinter_VPCC_r01_d200,3
37,BlueSpin_VPCC_raw_d200,5
37,FlowerDance_GPCC_TRISOUP_r03_d200,5
37,FlowerDance_GPCC_OCTREE_r04_d200,4
37,FlowerDance_GPCC_TRISOUP_r02_d200,3
37,BlueSpin_GPCC_TRISOUP_r03_d200,4
37,FlowerDance_GPCC_TRISOUP_r01_d200,1
37,ReadyForWinter_VPCC_raw_d200,5
37,BlueSpin_GPCC_OCTREE_r03_d200,1
37,CasualSquat_VPCC_r01_d200,2
37,ReadyForWinter_VPCC_r05_d200,5
37,FlowerDance_VPCC_r03_d200,4
37,CasualSquat_VPCC_r02_d200,3
37,FlowerDance_VPCC_r01_d200,2
37,CasualSquat_GPCC_OCTREE_r03_d200,1
37,ReadyForWinter_GPCC_OCTREE_r05_d200,4
37,BlueSpin_GPCC_OCTREE_r04_d200,4
37,CasualSquat_VPCC_r04_d200,4
37,FlowerDance_GPCC_TRISOUP_r04_d200,5
37,BlueSpin_GPCC_TRISOUP_r01_d200,1
37,CasualSquat_GPCC_TRISOUP_r04_d200,4
37,BlueSpin_VPCC_r03_d200,3
37,FlowerDance_VPCC_r02_d200,3
37,CasualSquat_GPCC_OCTREE_r05_d200,4
37,ReadyForWinter_VPCC_r03_d200,3
37,CasualSquat_GPCC_TRISOUP_r02_d200,2
37,FlowerDance_VPCC_r04_d200,3
37,ReadyForWinter_GPCC_TRISOUP_r04_d200,4
37,ReadyForWinter_GPCC_OCTREE_r03_d200,3
37,CasualSquat_GPCC_TRISOUP_r03_d200,3
37,ReadyForWinter_VPCC_r04_d200,3
37,ReadyForWinter_GPCC_OCTREE_r04_d200,2
37,FlowerDance_VPCC_r05_d200,3
37,CasualSquat_VPCC_raw_d200,4
37,FlowerDance_GPCC_OCTREE_r03_d200,2
37,CasualSquat_VPCC_r05_d200,3
37,ReadyForWinter_GPCC_TRISOUP_r02_d200,2
37,BlueSpin_VPCC_r04_d200,3
37,CasualSquat_GPCC_TRISOUP_r01_d200,1
37,CasualSquat_GPCC_OCTREE_r04_d200,3
37,FlowerDance_GPCC_OCTREE_r05_d200,3
37,BlueSpin_VPCC_r02_d200,3
37,ReadyForWinter_GPCC_TRISOUP_r03_d200,4
37,CasualSquat_VPCC_r03_d200,4
37,BlueSpin_GPCC_OCTREE_r05_d200,3
37,BlueSpin_VPCC_r05_d200,4
37,BlueSpin_GPCC_TRISOUP_r04_d200,4
37,FlowerDance_VPCC_raw_d200,4
38,CasualSquat_GPCC_TRISOUP_r02_d200,3
38,ReadyForWinter_VPCC_r05_d200,4
38,CasualSquat_VPCC_r01_d200,3
38,BlueSpin_GPCC_TRISOUP_r03_d200,4
38,ReadyForWinter_VPCC_r02_d200,2
38,FlowerDance_VPCC_r04_d200,3
38,FlowerDance_VPCC_raw_d200,4
38,BlueSpin_GPCC_OCTREE_r05_d200,2
38,CasualSquat_GPCC_OCTREE_r04_d200,1
38,FlowerDance_VPCC_r03_d200,2
38,CasualSquat_VPCC_r02_d200,3
38,CasualSquat_GPCC_TRISOUP_r04_d200,3
38,ReadyForWinter_VPCC_r01_d200,1
38,CasualSquat_VPCC_r03_d200,1
38,ReadyForWinter_GPCC_OCTREE_r03_d200,1
38,ReadyForWinter_GPCC_OCTREE_r05_d200,2
38,CasualSquat_GPCC_OCTREE_r05_d200,2
38,FlowerDance_VPCC_r01_d200,1
38,CasualSquat_GPCC_TRISOUP_r01_d200,1
38,BlueSpin_GPCC_OCTREE_r03_d200,1
38,FlowerDance_GPCC_OCTREE_r03_d200,1
38,ReadyForWinter_GPCC_OCTREE_r04_d200,2
38,FlowerDance_GPCC_TRISOUP_r01_d200,1
38,BlueSpin_GPCC_OCTREE_r04_d200,1
38,FlowerDance_GPCC_OCTREE_r04_d200,1
38,BlueSpin_VPCC_r05_d200,2
38,CasualSquat_GPCC_TRISOUP_r03_d200,3
38,FlowerDance_VPCC_r05_d200,3
38,FlowerDance_GPCC_TRISOUP_r03_d200,3
38,ReadyForWinter_VPCC_r04_d200,4
38,CasualSquat_VPCC_r04_d200,3
38,FlowerDance_GPCC_TRISOUP_r04_d200,3
38,FlowerDance_VPCC_r02_d200,2
38,FlowerDance_GPCC_TRISOUP_r02_d200,2
38,BlueSpin_GPCC_TRISOUP_r04_d200,3
38,BlueSpin_GPCC_TRISOUP_r01_d200,1
38,BlueSpin_VPCC_r01_d200,1
38,BlueSpin_VPCC_r04_d200,3
38,BlueSpin_GPCC_TRISOUP_r02_d200,2
38,ReadyForWinter_GPCC_TRISOUP_r04_d200,2
38,ReadyForWinter_VPCC_r03_d200,2
38,BlueSpin_VPCC_r03_d200,2
38,BlueSpin_VPCC_raw_d200,3
38,ReadyForWinter_GPCC_TRISOUP_r01_d200,1
38,CasualSquat_VPCC_r05_d200,2
38,ReadyForWinter_GPCC_TRISOUP_r02_d200,2
38,BlueSpin_VPCC_r02_d200,2
38,ReadyForWinter_VPCC_raw_d200,4
38,FlowerDance_GPCC_OCTREE_r05_d200,3
38,CasualSquat_VPCC_raw_d200,3
38,CasualSquat_GPCC_OCTREE_r03_d200,1
38,ReadyForWinter_GPCC_TRISOUP_r03_d200,3
39,CasualSquat_VPCC_r05_d200,3
39,FlowerDance_GPCC_TRISOUP_r02_d200,2
39,FlowerDance_GPCC_OCTREE_r03_d200,1
39,FlowerDance_GPCC_OCTREE_r04_d200,2
39,BlueSpin_VPCC_r03_d200,2
39,CasualSquat_GPCC_TRISOUP_r04_d200,3
39,FlowerDance_GPCC_TRISOUP_r01_d200,1
39,ReadyForWinter_VPCC_r04_d200,3
39,FlowerDance_GPCC_TRISOUP_r03_d200,2
39,ReadyForWinter_VPCC_r02_d200,1
39,BlueSpin_VPCC_r01_d200,1
39,CasualSquat_GPCC_TRISOUP_r01_d200,1
39,CasualSquat_GPCC_OCTREE_r04_d200,2
39,BlueSpin_GPCC_TRISOUP_r01_d200,1
39,BlueSpin_GPCC_OCTREE_r04_d200,2
39,ReadyForWinter_GPCC_TRISOUP_r01_d200,1
39,ReadyForWinter_GPCC_OCTREE_r03_d200,1
39,FlowerDance_GPCC_OCTREE_r05_d200,3
39,CasualSquat_VPCC_raw_d200,4
39,BlueSpin_GPCC_TRISOUP_r02_d200,2
39,ReadyForWinter_GPCC_OCTREE_r04_d200,3
39,CasualSquat_GPCC_TRISOUP_r02_d200,3
39,FlowerDance_VPCC_r04_d200,3
39,ReadyForWinter_GPCC_TRISOUP_r04_d200,3
39,BlueSpin_VPCC_raw_d200,4
39,BlueSpin_VPCC_r02_d200,2
39,FlowerDance_VPCC_r02_d200,2
39,BlueSpin_GPCC_OCTREE_r03_d200,2
39,BlueSpin_VPCC_r05_d200,3
39,FlowerDance_VPCC_r01_d200,1
39,ReadyForWinter_VPCC_raw_d200,4
39,FlowerDance_VPCC_r03_d200,2
39,CasualSquat_GPCC_TRISOUP_r03_d200,3
39,ReadyForWinter_VPCC_r01_d200,1
39,CasualSquat_VPCC_r03_d200,3
39,BlueSpin_GPCC_TRISOUP_r03_d200,3
39,ReadyForWinter_GPCC_OCTREE_r05_d200,3
39,BlueSpin_VPCC_r04_d200,2
39,ReadyForWinter_VPCC_r05_d200,3
39,ReadyForWinter_GPCC_TRISOUP_r03_d200,2
39,CasualSquat_VPCC_r04_d200,4
39,CasualSquat_GPCC_OCTREE_r03_d200,2
39,BlueSpin_GPCC_TRISOUP_r04_d200,3
39,BlueSpin_GPCC_OCTREE_r05_d200,2
39,CasualSquat_VPCC_r01_d200,1
39,ReadyForWinter_VPCC_r03_d200,2
39,ReadyForWinter_GPCC_TRISOUP_r02_d200,1
39,FlowerDance_VPCC_r05_d200,4
39,FlowerDance_GPCC_TRISOUP_r04_d200,3
39,CasualSquat_GPCC_OCTREE_r05_d200,3
39,CasualSquat_VPCC_r02_d200,2
39,FlowerDance_VPCC_raw_d200,5
40,FlowerDance_VPCC_r02_d200,3
40,CasualSquat_GPCC_TRISOUP_r04_d200,5
40,CasualSquat_VPCC_r01_d200,2
40,FlowerDance_VPCC_r05_d200,4
40,CasualSquat_VPCC_r05_d200,4
40,BlueSpin_GPCC_TRISOUP_r04_d200,3
40,FlowerDance_VPCC_r01_d200,1
40,CasualSquat_GPCC_OCTREE_r05_d200,4
40,BlueSpin_GPCC_TRISOUP_r02_d200,2
40,ReadyForWinter_VPCC_r03_d200,3
40,CasualSquat_GPCC_OCTREE_r04_d200,1
40,CasualSquat_VPCC_r04_d200,4
40,CasualSquat_GPCC_TRISOUP_r02_d200,2
40,FlowerDance_GPCC_TRISOUP_r02_d200,2
40,CasualSquat_VPCC_raw_d200,5
40,CasualSquat_VPCC_r02_d200,3
40,CasualSquat_VPCC_r03_d200,3
40,BlueSpin_GPCC_OCTREE_r04_d200,1
40,ReadyForWinter_GPCC_TRISOUP_r03_d200,3
40,FlowerDance_GPCC_TRISOUP_r01_d200,1
40,ReadyForWinter_GPCC_TRISOUP_r01_d200,1
40,BlueSpin_VPCC_raw_d200,5
40,BlueSpin_VPCC_r03_d200,3
40,FlowerDance_GPCC_TRISOUP_r04_d200,4
40,FlowerDance_GPCC_OCTREE_r04_d200,2
40,FlowerDance_VPCC_r03_d200,3
40,ReadyForWinter_VPCC_r04_d200,4
40,BlueSpin_GPCC_OCTREE_r05_d200,2
40,BlueSpin_VPCC_r02_d200,3
40,FlowerDance_VPCC_r04_d200,4
40,CasualSquat_GPCC_TRISOUP_r01_d200,1
40,FlowerDance_VPCC_raw_d200,5
40,ReadyForWinter_VPCC_raw_d200,5
40,BlueSpin_GPCC_TRISOUP_r03_d200,4
40,ReadyForWinter_VPCC_r02_d200,2
40,BlueSpin_GPCC_TRISOUP_r01_d200,1
40,BlueSpin_GPCC_OCTREE_r03_d200,1
40,ReadyForWinter_VPCC_r05_d200,4
40,BlueSpin_VPCC_r05_d200,4
40,ReadyForWinter_VPCC_r01_d200,1
40,FlowerDance_GPCC_OCTREE_r05_d200,3
40,CasualSquat_GPCC_OCTREE_r03_d200,1
40,BlueSpin_VPCC_r04_d200,3
40,ReadyForWinter_GPCC_TRISOUP_r04_d200,3
40,ReadyForWinter_GPCC_TRISOUP_r02_d200,2
40,ReadyForWinter_GPCC_OCTREE_r05_d200,4
40,BlueSpin_VPCC_r01_d200,1
40,FlowerDance_GPCC_TRISOUP_r03_d200,3
40,CasualSquat_GPCC_TRISOUP_r03_d200,4
40,ReadyForWinter_GPCC_OCTREE_r03_d200,1
40,FlowerDance_GPCC_OCTREE_r03_d200,2
40,ReadyForWinter_GPCC_OCTREE_r04_d200,3
41,FlowerDance_VPCC_r02_d200,4
41,ReadyForWinter_GPCC_TRISOUP_r04_d200,4
41,CasualSquat_VPCC_raw_d200,5
41,CasualSquat_VPCC_r01_d200,1
41,ReadyForWinter_VPCC_r01_d200,2
41,BlueSpin_VPCC_raw_d200,4
41,CasualSquat_GPCC_TRISOUP_r03_d200,3
41,ReadyForWinter_VPCC_r04_d200,3
41,FlowerDance_VPCC_r05_d200,5
41,FlowerDance_GPCC_TRISOUP_r03_d200,4
41,FlowerDance_VPCC_r03_d200,4
41,ReadyForWinter_VPCC_raw_d200,5
41,CasualSquat_GPCC_TRISOUP_r01_d200,1
41,ReadyForWinter_GPCC_TRISOUP_r01_d200,1
41,BlueSpin_GPCC_OCTREE_r05_d200,3
41,CasualSquat_VPCC_r03_d200,5
41,BlueSpin_GPCC_TRISOUP_r02_d200,3
41,BlueSpin_VPCC_r04_d200,4
41,CasualSquat_GPCC_TRISOUP_r02_d200,4
41,ReadyForWinter_VPCC_r05_d200,4
41,BlueSpin_GPCC_OCTREE_r04_d200,2
41,BlueSpin_VPCC_r05_d200,4
41,FlowerDance_VPCC_raw_d200,5
41,FlowerDance_VPCC_r04_d200,4
41,ReadyForWinter_GPCC_OCTREE_r03_d200,1
41,CasualSquat_GPCC_OCTREE_r03_d200,1
41,CasualSquat_VPCC_r04_d200,4
41,FlowerDance_GPCC_OCTREE_r04_d200,1
41,BlueSpin_GPCC_TRISOUP_r04_d200,3
41,BlueSpin_VPCC_r03_d200,3
41,CasualSquat_GPCC_OCTREE_r05_d200,4
41,ReadyForWinter_VPCC_r02_d200,2
41,FlowerDance_GPCC_TRISOUP_r01_d200,2
41,CasualSquat_VPCC_r02_d200,3
41,ReadyForWinter_GPCC_OCTREE_r04_d200,1
41,CasualSquat_GPCC_OCTREE_r04_d200,1
41,ReadyForWinter_GPCC_TRISOUP_r03_d200,3
41,ReadyForWinter_GPCC_TRISOUP_r02_d200,3
41,CasualSquat_GPCC_TRISOUP_r04_d200,5
41,FlowerDance_GPCC_TRISOUP_r02_d200,3
41,FlowerDance_VPCC_r01_d200,2
41,ReadyForWinter_GPCC_OCTREE_r05_d200,2
41,BlueSpin_GPCC_TRISOUP_r03_d200,2
41,FlowerDance_GPCC_OCTREE_r05_d200,2
41,BlueSpin_GPCC_TRISOUP_r01_d200,2
41,BlueSpin_GPCC_OCTREE_r03_d200,1
41,BlueSpin_VPCC_r01_d200,2
41,FlowerDance_GPCC_OCTREE_r03_d200,1
41,FlowerDance_GPCC_TRISOUP_r04_d200,5
41,BlueSpin_VPCC_r02_d200,2
41,ReadyForWinter_VPCC_r03_d200,4
41,CasualSquat_VPCC_r05_d200,5